[      91ms] [WARNING] [PostHog.js] You have already initialized PostHog with a different project token! Re-initializing is a no-op, so events will keep going to the project this instance was initialized with. To capture into a second project, load PostHog once, then initialize a named instance after the SDK has loaded, e.g. posthog.init('phc_dK4ybo7i7IPKBqESmPiv8TzOz686PV27oWVzQMbWTgt', { ... }, 'project2') @ https://t.peec.ai/static/array.js:0
[     106ms] [LOG] [peec] script loaded @ https://peec.ai/pricing-agencies:536
[     256ms] [WARNING] Caught a recoverable error. The site is still functional, but might have some UI flickering or degraded page load performance. If you are the author of this website, update external components and check recently added custom code or code overrides to fix the following server/client mismatches:
 Error: Minified React error #418; visit https://reactjs.org/docs/error-decoder.html?invariant=418 for the full message or use the non-minified dev environment for full errors and additional helpful warnings.
    at da (https://framerusercontent.com/sites/5pnYXBbLKEPLW9G29DMwhJ/react.LucpZiGF.mjs:6:4116)
    at sp (https://framerusercontent.com/sites/5pnYXBbLKEPLW9G29DMwhJ/react.LucpZiGF.mjs:8:68259)
    at $s (https://framerusercontent.com/sites/5pnYXBbLKEPLW9G29DMwhJ/react.LucpZiGF.mjs:8:37073)
    at Qs (https://framerusercontent.com/sites/5pnYXBbLKEPLW9G29DMwhJ/react.LucpZiGF.mjs:8:37046)
    at Ls (https://framerusercontent.com/sites/5pnYXBbLKEPLW9G29DMwhJ/react.LucpZiGF.mjs:8:32130)
    at wt (https://framerusercontent.com/sites/5pnYXBbLKEPLW9G29DMwhJ/react.LucpZiGF.mjs:1:10651)
    at MessagePort.Et (https://framerusercontent.com/sites/5pnYXBbLKEPLW9G29DMwhJ/react.LucpZiGF.mjs:1:11006) 
    at span
    at div
    at div
    at div
    at div
    at xe (https://framerusercontent.com/sites/5pnYXBbLKEPLW9G29DMwhJ/SyncBillingToggle.CaSFIKVy.mjs:1:6576)
    at https://framerusercontent.com/sites/5pnYXBbLKEPLW9G29DMwhJ/SyncBillingToggle.CaSFIKVy.mjs:16:13921
    at Kw (https://framerusercontent.com/sites/5pnYXBbLKEPLW9G29DMwhJ/framer.awt7G_KF.mjs:928:678)
    at Suspense
    at nu (https://framerusercontent.com/sites/5pnYXBbLKEPLW9G29DMwhJ/framer.awt7G_KF.mjs:49:73700)
    at cu (https://framerusercontent.com/sites/5pnYXBbLKEPLW9G29DMwhJ/framer.awt7G_KF.mjs:49:74364)
    at su (https://framerusercontent.com/sites/5pnYXBbLKEPLW9G29DMwhJ/framer.awt7G_KF.mjs:49:74226)
    at s (https://framerusercontent.com/sites/5pnYXBbLKEPLW9G29DMwhJ/framer.awt7G_KF.mjs:59:10242)
    at div
    at https://framerusercontent.com/sites/5pnYXBbLKEPLW9G29DMwhJ/framer.awt7G_KF.mjs:921:25580
    at https://framerusercontent.com/sites/5pnYXBbLKEPLW9G29DMwhJ/framer.awt7G_KF.mjs:83:35130
    at Kw (https://framerusercontent.com/sites/5pnYXBbLKEPLW9G29DMwhJ/framer.awt7G_KF.mjs:928:678)
    at Suspense
    at nu (https://framerusercontent.com/sites/5pnYXBbLKEPLW9G29DMwhJ/framer.awt7G_KF.mjs:49:73700)
    at cu (https://framerusercontent.com/sites/5pnYXBbLKEPLW9G29DMwhJ/framer.awt7G_KF.mjs:49:74364)
    at su (https://framerusercontent.com/sites/5pnYXBbLKEPLW9G29DMwhJ/framer.awt7G_KF.mjs:49:74226)
    at of (https://framerusercontent.com/sites/5pnYXBbLKEPLW9G29DMwhJ/motion.eL-CBXa_.mjs:9:71320)
    at Ja (https://framerusercontent.com/sites/5pnYXBbLKEPLW9G29DMwhJ/framer.awt7G_KF.mjs:49:26954)
    at div
    at s (https://framerusercontent.com/sites/5pnYXBbLKEPLW9G29DMwhJ/motion.eL-CBXa_.mjs:9:5742)
    at https://framerusercontent.com/sites/5pnYXBbLKEPLW9G29DMwhJ/framer.awt7G_KF.mjs:928:1367
    at https://framerusercontent.com/sites/5pnYXBbLKEPLW9G29DMwhJ/framer.awt7G_KF.mjs:921:30987
    at https://framerusercontent.com/sites/5pnYXBbLKEPLW9G29DMwhJ/framer.awt7G_KF.mjs:921:30800
    at div
    at div
    at div
    at div
    at div
    at div
    at div
    at s (https://framerusercontent.com/sites/5pnYXBbLKEPLW9G29DMwhJ/motion.eL-CBXa_.mjs:9:5742)
    at div
    at s (https://framerusercontent.com/sites/5pnYXBbLKEPLW9G29DMwhJ/motion.eL-CBXa_.mjs:9:5742)
    at of (https://framerusercontent.com/sites/5pnYXBbLKEPLW9G29DMwhJ/motion.eL-CBXa_.mjs:9:71320)
    at https://framerusercontent.com/sites/5pnYXBbLKEPLW9G29DMwhJ/NsKjUvTZeqrFvR5wi9mJBdJJm_6ukV79F1Lw0iZR7l0.WY3FAW_A.mjs:1:3435
    at https://framerusercontent.com/sites/5pnYXBbLKEPLW9G29DMwhJ/framer.awt7G_KF.mjs:83:35130
    at https://framerusercontent.com/sites/5pnYXBbLKEPLW9G29DMwhJ/framer.awt7G_KF.mjs:3:1056
    at div
    at s (https://framerusercontent.com/sites/5pnYXBbLKEPLW9G29DMwhJ/motion.eL-CBXa_.mjs:9:5742)
    at of (https://framerusercontent.com/sites/5pnYXBbLKEPLW9G29DMwhJ/motion.eL-CBXa_.mjs:9:71320)
    at https://framerusercontent.com/sites/5pnYXBbLKEPLW9G29DMwhJ/script_main.DGzOQ-qi.mjs:280:44037
    at https://framerusercontent.com/sites/5pnYXBbLKEPLW9G29DMwhJ/framer.awt7G_KF.mjs:83:35130
    at https://framerusercontent.com/sites/5pnYXBbLKEPLW9G29DMwhJ/framer.awt7G_KF.mjs:928:18264
    at Suspense
    at nu (https://framerusercontent.com/sites/5pnYXBbLKEPLW9G29DMwhJ/framer.awt7G_KF.mjs:49:73700)
    at _d (https://framerusercontent.com/sites/5pnYXBbLKEPLW9G29DMwhJ/framer.awt7G_KF.mjs:52:6443)
    at bl (https://framerusercontent.com/sites/5pnYXBbLKEPLW9G29DMwhJ/script_main.DGzOQ-qi.mjs:280:304920)
    at Jf (https://framerusercontent.com/sites/5pnYXBbLKEPLW9G29DMwhJ/framer.awt7G_KF.mjs:54:10416)
    at Vb (https://framerusercontent.com/sites/5pnYXBbLKEPLW9G29DMwhJ/framer.awt7G_KF.mjs:83:6367)
    at Suspense
    at nu (https://framerusercontent.com/sites/5pnYXBbLKEPLW9G29DMwhJ/framer.awt7G_KF.mjs:49:73700)
    at Vw (https://framerusercontent.com/sites/5pnYXBbLKEPLW9G29DMwhJ/framer.awt7G_KF.mjs:921:31057)
    at af (https://framerusercontent.com/sites/5pnYXBbLKEPLW9G29DMwhJ/framer.awt7G_KF.mjs:52:18105)
    at li (https://framerusercontent.com/sites/5pnYXBbLKEPLW9G29DMwhJ/framer.awt7G_KF.mjs:49:6955)
    at https://framerusercontent.com/sites/5pnYXBbLKEPLW9G29DMwhJ/framer.awt7G_KF.mjs:928:2407
    at https://framerusercontent.com/sites/5pnYXBbLKEPLW9G29DMwhJ/framer.awt7G_KF.mjs:83:35130
    at Rt (https://framerusercontent.com/sites/5pnYXBbLKEPLW9G29DMwhJ/framer.awt7G_KF.mjs:3:3254)
    at qf (https://framerusercontent.com/sites/5pnYXBbLKEPLW9G29DMwhJ/framer.awt7G_KF.mjs:54:5233)
    at cf (https://framerusercontent.com/sites/5pnYXBbLKEPLW9G29DMwhJ/framer.awt7G_KF.mjs:52:18961)
    at jE (https://framerusercontent.com/sites/5pnYXBbLKEPLW9G29DMwhJ/framer.awt7G_KF.mjs:928:18033)
    at On (https://framerusercontent.com/sites/5pnYXBbLKEPLW9G29DMwhJ/framer.awt7G_KF.mjs:7:9178)
    at ia (https://framerusercontent.com/sites/5pnYXBbLKEPLW9G29DMwhJ/motion.eL-CBXa_.mjs:9:1423)
    at Qr (https://framerusercontent.com/sites/5pnYXBbLKEPLW9G29DMwhJ/framer.awt7G_KF.mjs:49:6251)
    at rp (https://framerusercontent.com/sites/5pnYXBbLKEPLW9G29DMwhJ/framer.awt7G_KF.mjs:54:11578)
    at TT (https://framerusercontent.com/sites/5pnYXBbLKEPLW9G29DMwhJ/framer.awt7G_KF.mjs:928:7599)
    at sr (https://framerusercontent.com/sites/5pnYXBbLKEPLW9G29DMwhJ/framer.awt7G_KF.mjs:7:14711) @ https://t.peec.ai/static/posthog-recorder.js?v=1.416.0:0
[     256ms] [WARNING] Caught a recoverable error. The site is still functional, but might have some UI flickering or degraded page load performance. If you are the author of this website, update external components and check recently added custom code or code overrides to fix the following server/client mismatches:
 Error: Minified React error #418; visit https://reactjs.org/docs/error-decoder.html?invariant=418 for the full message or use the non-minified dev environment for full errors and additional helpful warnings.
    at da (https://framerusercontent.com/sites/5pnYXBbLKEPLW9G29DMwhJ/react.LucpZiGF.mjs:6:4116)
    at sp (https://framerusercontent.com/sites/5pnYXBbLKEPLW9G29DMwhJ/react.LucpZiGF.mjs:8:68259)
    at $s (https://framerusercontent.com/sites/5pnYXBbLKEPLW9G29DMwhJ/react.LucpZiGF.mjs:8:37073)
    at Qs (https://framerusercontent.com/sites/5pnYXBbLKEPLW9G29DMwhJ/react.LucpZiGF.mjs:8:37046)
    at Ls (https://framerusercontent.com/sites/5pnYXBbLKEPLW9G29DMwhJ/react.LucpZiGF.mjs:8:32130)
    at wt (https://framerusercontent.com/sites/5pnYXBbLKEPLW9G29DMwhJ/react.LucpZiGF.mjs:1:10651)
    at MessagePort.Et (https://framerusercontent.com/sites/5pnYXBbLKEPLW9G29DMwhJ/react.LucpZiGF.mjs:1:11006) 
    at span
    at div
    at div
    at div
    at div
    at xe (https://framerusercontent.com/sites/5pnYXBbLKEPLW9G29DMwhJ/SyncBillingToggle.CaSFIKVy.mjs:1:6576)
    at https://framerusercontent.com/sites/5pnYXBbLKEPLW9G29DMwhJ/SyncBillingToggle.CaSFIKVy.mjs:16:13921
    at Kw (https://framerusercontent.com/sites/5pnYXBbLKEPLW9G29DMwhJ/framer.awt7G_KF.mjs:928:678)
    at Suspense
    at nu (https://framerusercontent.com/sites/5pnYXBbLKEPLW9G29DMwhJ/framer.awt7G_KF.mjs:49:73700)
    at cu (https://framerusercontent.com/sites/5pnYXBbLKEPLW9G29DMwhJ/framer.awt7G_KF.mjs:49:74364)
    at su (https://framerusercontent.com/sites/5pnYXBbLKEPLW9G29DMwhJ/framer.awt7G_KF.mjs:49:74226)
    at s (https://framerusercontent.com/sites/5pnYXBbLKEPLW9G29DMwhJ/framer.awt7G_KF.mjs:59:10242)
    at div
    at https://framerusercontent.com/sites/5pnYXBbLKEPLW9G29DMwhJ/framer.awt7G_KF.mjs:921:25580
    at https://framerusercontent.com/sites/5pnYXBbLKEPLW9G29DMwhJ/framer.awt7G_KF.mjs:83:35130
    at Kw (https://framerusercontent.com/sites/5pnYXBbLKEPLW9G29DMwhJ/framer.awt7G_KF.mjs:928:678)
    at Suspense
    at nu (https://framerusercontent.com/sites/5pnYXBbLKEPLW9G29DMwhJ/framer.awt7G_KF.mjs:49:73700)
    at cu (https://framerusercontent.com/sites/5pnYXBbLKEPLW9G29DMwhJ/framer.awt7G_KF.mjs:49:74364)
    at su (https://framerusercontent.com/sites/5pnYXBbLKEPLW9G29DMwhJ/framer.awt7G_KF.mjs:49:74226)
    at of (https://framerusercontent.com/sites/5pnYXBbLKEPLW9G29DMwhJ/motion.eL-CBXa_.mjs:9:71320)
    at Ja (https://framerusercontent.com/sites/5pnYXBbLKEPLW9G29DMwhJ/framer.awt7G_KF.mjs:49:26954)
    at div
    at s (https://framerusercontent.com/sites/5pnYXBbLKEPLW9G29DMwhJ/motion.eL-CBXa_.mjs:9:5742)
    at https://framerusercontent.com/sites/5pnYXBbLKEPLW9G29DMwhJ/framer.awt7G_KF.mjs:928:1367
    at https://framerusercontent.com/sites/5pnYXBbLKEPLW9G29DMwhJ/framer.awt7G_KF.mjs:921:30987
    at https://framerusercontent.com/sites/5pnYXBbLKEPLW9G29DMwhJ/framer.awt7G_KF.mjs:921:30800
    at div
    at div
    at div
    at div
    at div
    at div
    at div
    at s (https://framerusercontent.com/sites/5pnYXBbLKEPLW9G29DMwhJ/motion.eL-CBXa_.mjs:9:5742)
    at div
    at s (https://framerusercontent.com/sites/5pnYXBbLKEPLW9G29DMwhJ/motion.eL-CBXa_.mjs:9:5742)
    at of (https://framerusercontent.com/sites/5pnYXBbLKEPLW9G29DMwhJ/motion.eL-CBXa_.mjs:9:71320)
    at https://framerusercontent.com/sites/5pnYXBbLKEPLW9G29DMwhJ/NsKjUvTZeqrFvR5wi9mJBdJJm_6ukV79F1Lw0iZR7l0.WY3FAW_A.mjs:1:3435
    at https://framerusercontent.com/sites/5pnYXBbLKEPLW9G29DMwhJ/framer.awt7G_KF.mjs:83:35130
    at https://framerusercontent.com/sites/5pnYXBbLKEPLW9G29DMwhJ/framer.awt7G_KF.mjs:3:1056
    at div
    at s (https://framerusercontent.com/sites/5pnYXBbLKEPLW9G29DMwhJ/motion.eL-CBXa_.mjs:9:5742)
    at of (https://framerusercontent.com/sites/5pnYXBbLKEPLW9G29DMwhJ/motion.eL-CBXa_.mjs:9:71320)
    at https://framerusercontent.com/sites/5pnYXBbLKEPLW9G29DMwhJ/script_main.DGzOQ-qi.mjs:280:44037
    at https://framerusercontent.com/sites/5pnYXBbLKEPLW9G29DMwhJ/framer.awt7G_KF.mjs:83:35130
    at https://framerusercontent.com/sites/5pnYXBbLKEPLW9G29DMwhJ/framer.awt7G_KF.mjs:928:18264
    at Suspense
    at nu (https://framerusercontent.com/sites/5pnYXBbLKEPLW9G29DMwhJ/framer.awt7G_KF.mjs:49:73700)
    at _d (https://framerusercontent.com/sites/5pnYXBbLKEPLW9G29DMwhJ/framer.awt7G_KF.mjs:52:6443)
    at bl (https://framerusercontent.com/sites/5pnYXBbLKEPLW9G29DMwhJ/script_main.DGzOQ-qi.mjs:280:304920)
    at Jf (https://framerusercontent.com/sites/5pnYXBbLKEPLW9G29DMwhJ/framer.awt7G_KF.mjs:54:10416)
    at Vb (https://framerusercontent.com/sites/5pnYXBbLKEPLW9G29DMwhJ/framer.awt7G_KF.mjs:83:6367)
    at Suspense
    at nu (https://framerusercontent.com/sites/5pnYXBbLKEPLW9G29DMwhJ/framer.awt7G_KF.mjs:49:73700)
    at Vw (https://framerusercontent.com/sites/5pnYXBbLKEPLW9G29DMwhJ/framer.awt7G_KF.mjs:921:31057)
    at af (https://framerusercontent.com/sites/5pnYXBbLKEPLW9G29DMwhJ/framer.awt7G_KF.mjs:52:18105)
    at li (https://framerusercontent.com/sites/5pnYXBbLKEPLW9G29DMwhJ/framer.awt7G_KF.mjs:49:6955)
    at https://framerusercontent.com/sites/5pnYXBbLKEPLW9G29DMwhJ/framer.awt7G_KF.mjs:928:2407
    at https://framerusercontent.com/sites/5pnYXBbLKEPLW9G29DMwhJ/framer.awt7G_KF.mjs:83:35130
    at Rt (https://framerusercontent.com/sites/5pnYXBbLKEPLW9G29DMwhJ/framer.awt7G_KF.mjs:3:3254)
    at qf (https://framerusercontent.com/sites/5pnYXBbLKEPLW9G29DMwhJ/framer.awt7G_KF.mjs:54:5233)
    at cf (https://framerusercontent.com/sites/5pnYXBbLKEPLW9G29DMwhJ/framer.awt7G_KF.mjs:52:18961)
    at jE (https://framerusercontent.com/sites/5pnYXBbLKEPLW9G29DMwhJ/framer.awt7G_KF.mjs:928:18033)
    at On (https://framerusercontent.com/sites/5pnYXBbLKEPLW9G29DMwhJ/framer.awt7G_KF.mjs:7:9178)
    at ia (https://framerusercontent.com/sites/5pnYXBbLKEPLW9G29DMwhJ/motion.eL-CBXa_.mjs:9:1423)
    at Qr (https://framerusercontent.com/sites/5pnYXBbLKEPLW9G29DMwhJ/framer.awt7G_KF.mjs:49:6251)
    at rp (https://framerusercontent.com/sites/5pnYXBbLKEPLW9G29DMwhJ/framer.awt7G_KF.mjs:54:11578)
    at TT (https://framerusercontent.com/sites/5pnYXBbLKEPLW9G29DMwhJ/framer.awt7G_KF.mjs:928:7599)
    at sr (https://framerusercontent.com/sites/5pnYXBbLKEPLW9G29DMwhJ/framer.awt7G_KF.mjs:7:14711) @ https://t.peec.ai/static/posthog-recorder.js?v=1.416.0:0
[     256ms] [WARNING] Caught a recoverable error. The site is still functional, but might have some UI flickering or degraded page load performance. If you are the author of this website, update external components and check recently added custom code or code overrides to fix the following server/client mismatches:
 Error: Minified React error #418; visit https://reactjs.org/docs/error-decoder.html?invariant=418 for the full message or use the non-minified dev environment for full errors and additional helpful warnings.
    at da (https://framerusercontent.com/sites/5pnYXBbLKEPLW9G29DMwhJ/react.LucpZiGF.mjs:6:4235)
    at sp (https://framerusercontent.com/sites/5pnYXBbLKEPLW9G29DMwhJ/react.LucpZiGF.mjs:8:68259)
    at $s (https://framerusercontent.com/sites/5pnYXBbLKEPLW9G29DMwhJ/react.LucpZiGF.mjs:8:37073)
    at Qs (https://framerusercontent.com/sites/5pnYXBbLKEPLW9G29DMwhJ/react.LucpZiGF.mjs:8:37046)
    at Ls (https://framerusercontent.com/sites/5pnYXBbLKEPLW9G29DMwhJ/react.LucpZiGF.mjs:8:32130)
    at wt (https://framerusercontent.com/sites/5pnYXBbLKEPLW9G29DMwhJ/react.LucpZiGF.mjs:1:10651)
    at MessagePort.Et (https://framerusercontent.com/sites/5pnYXBbLKEPLW9G29DMwhJ/react.LucpZiGF.mjs:1:11006) 
    at div
    at div
    at div
    at div
    at div
    at xe (https://framerusercontent.com/sites/5pnYXBbLKEPLW9G29DMwhJ/SyncBillingToggle.CaSFIKVy.mjs:1:6576)
    at https://framerusercontent.com/sites/5pnYXBbLKEPLW9G29DMwhJ/SyncBillingToggle.CaSFIKVy.mjs:16:13921
    at Kw (https://framerusercontent.com/sites/5pnYXBbLKEPLW9G29DMwhJ/framer.awt7G_KF.mjs:928:678)
    at Suspense
    at nu (https://framerusercontent.com/sites/5pnYXBbLKEPLW9G29DMwhJ/framer.awt7G_KF.mjs:49:73700)
    at cu (https://framerusercontent.com/sites/5pnYXBbLKEPLW9G29DMwhJ/framer.awt7G_KF.mjs:49:74364)
    at su (https://framerusercontent.com/sites/5pnYXBbLKEPLW9G29DMwhJ/framer.awt7G_KF.mjs:49:74226)
    at s (https://framerusercontent.com/sites/5pnYXBbLKEPLW9G29DMwhJ/framer.awt7G_KF.mjs:59:10242)
    at div
    at https://framerusercontent.com/sites/5pnYXBbLKEPLW9G29DMwhJ/framer.awt7G_KF.mjs:921:25580
    at https://framerusercontent.com/sites/5pnYXBbLKEPLW9G29DMwhJ/framer.awt7G_KF.mjs:83:35130
    at Kw (https://framerusercontent.com/sites/5pnYXBbLKEPLW9G29DMwhJ/framer.awt7G_KF.mjs:928:678)
    at Suspense
    at nu (https://framerusercontent.com/sites/5pnYXBbLKEPLW9G29DMwhJ/framer.awt7G_KF.mjs:49:73700)
    at cu (https://framerusercontent.com/sites/5pnYXBbLKEPLW9G29DMwhJ/framer.awt7G_KF.mjs:49:74364)
    at su (https://framerusercontent.com/sites/5pnYXBbLKEPLW9G29DMwhJ/framer.awt7G_KF.mjs:49:74226)
    at of (https://framerusercontent.com/sites/5pnYXBbLKEPLW9G29DMwhJ/motion.eL-CBXa_.mjs:9:71320)
    at Ja (https://framerusercontent.com/sites/5pnYXBbLKEPLW9G29DMwhJ/framer.awt7G_KF.mjs:49:26954)
    at div
    at s (https://framerusercontent.com/sites/5pnYXBbLKEPLW9G29DMwhJ/motion.eL-CBXa_.mjs:9:5742)
    at https://framerusercontent.com/sites/5pnYXBbLKEPLW9G29DMwhJ/framer.awt7G_KF.mjs:928:1367
    at https://framerusercontent.com/sites/5pnYXBbLKEPLW9G29DMwhJ/framer.awt7G_KF.mjs:921:30987
    at https://framerusercontent.com/sites/5pnYXBbLKEPLW9G29DMwhJ/framer.awt7G_KF.mjs:921:30800
    at div
    at div
    at div
    at div
    at div
    at div
    at div
    at s (https://framerusercontent.com/sites/5pnYXBbLKEPLW9G29DMwhJ/motion.eL-CBXa_.mjs:9:5742)
    at div
    at s (https://framerusercontent.com/sites/5pnYXBbLKEPLW9G29DMwhJ/motion.eL-CBXa_.mjs:9:5742)
    at of (https://framerusercontent.com/sites/5pnYXBbLKEPLW9G29DMwhJ/motion.eL-CBXa_.mjs:9:71320)
    at https://framerusercontent.com/sites/5pnYXBbLKEPLW9G29DMwhJ/NsKjUvTZeqrFvR5wi9mJBdJJm_6ukV79F1Lw0iZR7l0.WY3FAW_A.mjs:1:3435
    at https://framerusercontent.com/sites/5pnYXBbLKEPLW9G29DMwhJ/framer.awt7G_KF.mjs:83:35130
    at https://framerusercontent.com/sites/5pnYXBbLKEPLW9G29DMwhJ/framer.awt7G_KF.mjs:3:1056
    at div
    at s (https://framerusercontent.com/sites/5pnYXBbLKEPLW9G29DMwhJ/motion.eL-CBXa_.mjs:9:5742)
    at of (https://framerusercontent.com/sites/5pnYXBbLKEPLW9G29DMwhJ/motion.eL-CBXa_.mjs:9:71320)
    at https://framerusercontent.com/sites/5pnYXBbLKEPLW9G29DMwhJ/script_main.DGzOQ-qi.mjs:280:44037
    at https://framerusercontent.com/sites/5pnYXBbLKEPLW9G29DMwhJ/framer.awt7G_KF.mjs:83:35130
    at https://framerusercontent.com/sites/5pnYXBbLKEPLW9G29DMwhJ/framer.awt7G_KF.mjs:928:18264
    at Suspense
    at nu (https://framerusercontent.com/sites/5pnYXBbLKEPLW9G29DMwhJ/framer.awt7G_KF.mjs:49:73700)
    at _d (https://framerusercontent.com/sites/5pnYXBbLKEPLW9G29DMwhJ/framer.awt7G_KF.mjs:52:6443)
    at bl (https://framerusercontent.com/sites/5pnYXBbLKEPLW9G29DMwhJ/script_main.DGzOQ-qi.mjs:280:304920)
    at Jf (https://framerusercontent.com/sites/5pnYXBbLKEPLW9G29DMwhJ/framer.awt7G_KF.mjs:54:10416)
    at Vb (https://framerusercontent.com/sites/5pnYXBbLKEPLW9G29DMwhJ/framer.awt7G_KF.mjs:83:6367)
    at Suspense
    at nu (https://framerusercontent.com/sites/5pnYXBbLKEPLW9G29DMwhJ/framer.awt7G_KF.mjs:49:73700)
    at Vw (https://framerusercontent.com/sites/5pnYXBbLKEPLW9G29DMwhJ/framer.awt7G_KF.mjs:921:31057)
    at af (https://framerusercontent.com/sites/5pnYXBbLKEPLW9G29DMwhJ/framer.awt7G_KF.mjs:52:18105)
    at li (https://framerusercontent.com/sites/5pnYXBbLKEPLW9G29DMwhJ/framer.awt7G_KF.mjs:49:6955)
    at https://framerusercontent.com/sites/5pnYXBbLKEPLW9G29DMwhJ/framer.awt7G_KF.mjs:928:2407
    at https://framerusercontent.com/sites/5pnYXBbLKEPLW9G29DMwhJ/framer.awt7G_KF.mjs:83:35130
    at Rt (https://framerusercontent.com/sites/5pnYXBbLKEPLW9G29DMwhJ/framer.awt7G_KF.mjs:3:3254)
    at qf (https://framerusercontent.com/sites/5pnYXBbLKEPLW9G29DMwhJ/framer.awt7G_KF.mjs:54:5233)
    at cf (https://framerusercontent.com/sites/5pnYXBbLKEPLW9G29DMwhJ/framer.awt7G_KF.mjs:52:18961)
    at jE (https://framerusercontent.com/sites/5pnYXBbLKEPLW9G29DMwhJ/framer.awt7G_KF.mjs:928:18033)
    at On (https://framerusercontent.com/sites/5pnYXBbLKEPLW9G29DMwhJ/framer.awt7G_KF.mjs:7:9178)
    at ia (https://framerusercontent.com/sites/5pnYXBbLKEPLW9G29DMwhJ/motion.eL-CBXa_.mjs:9:1423)
    at Qr (https://framerusercontent.com/sites/5pnYXBbLKEPLW9G29DMwhJ/framer.awt7G_KF.mjs:49:6251)
    at rp (https://framerusercontent.com/sites/5pnYXBbLKEPLW9G29DMwhJ/framer.awt7G_KF.mjs:54:11578)
    at TT (https://framerusercontent.com/sites/5pnYXBbLKEPLW9G29DMwhJ/framer.awt7G_KF.mjs:928:7599)
    at sr (https://framerusercontent.com/sites/5pnYXBbLKEPLW9G29DMwhJ/framer.awt7G_KF.mjs:7:14711) @ https://t.peec.ai/static/posthog-recorder.js?v=1.416.0:0
[     257ms] [WARNING] Caught a recoverable error. The site is still functional, but might have some UI flickering or degraded page load performance. If you are the author of this website, update external components and check recently added custom code or code overrides to fix the following server/client mismatches:
 Error: Minified React error #418; visit https://reactjs.org/docs/error-decoder.html?invariant=418 for the full message or use the non-minified dev environment for full errors and additional helpful warnings.
    at da (https://framerusercontent.com/sites/5pnYXBbLKEPLW9G29DMwhJ/react.LucpZiGF.mjs:6:4235)
    at sp (https://framerusercontent.com/sites/5pnYXBbLKEPLW9G29DMwhJ/react.LucpZiGF.mjs:8:68259)
    at $s (https://framerusercontent.com/sites/5pnYXBbLKEPLW9G29DMwhJ/react.LucpZiGF.mjs:8:37073)
    at Qs (https://framerusercontent.com/sites/5pnYXBbLKEPLW9G29DMwhJ/react.LucpZiGF.mjs:8:37046)
    at Ls (https://framerusercontent.com/sites/5pnYXBbLKEPLW9G29DMwhJ/react.LucpZiGF.mjs:8:32130)
    at wt (https://framerusercontent.com/sites/5pnYXBbLKEPLW9G29DMwhJ/react.LucpZiGF.mjs:1:10651)
    at MessagePort.Et (https://framerusercontent.com/sites/5pnYXBbLKEPLW9G29DMwhJ/react.LucpZiGF.mjs:1:11006) 
    at span
    at div
    at div
    at div
    at div
    at xe (https://framerusercontent.com/sites/5pnYXBbLKEPLW9G29DMwhJ/SyncBillingToggle.CaSFIKVy.mjs:1:6576)
    at https://framerusercontent.com/sites/5pnYXBbLKEPLW9G29DMwhJ/SyncBillingToggle.CaSFIKVy.mjs:16:13921
    at Kw (https://framerusercontent.com/sites/5pnYXBbLKEPLW9G29DMwhJ/framer.awt7G_KF.mjs:928:678)
    at Suspense
    at nu (https://framerusercontent.com/sites/5pnYXBbLKEPLW9G29DMwhJ/framer.awt7G_KF.mjs:49:73700)
    at cu (https://framerusercontent.com/sites/5pnYXBbLKEPLW9G29DMwhJ/framer.awt7G_KF.mjs:49:74364)
    at su (https://framerusercontent.com/sites/5pnYXBbLKEPLW9G29DMwhJ/framer.awt7G_KF.mjs:49:74226)
    at s (https://framerusercontent.com/sites/5pnYXBbLKEPLW9G29DMwhJ/framer.awt7G_KF.mjs:59:10242)
    at div
    at https://framerusercontent.com/sites/5pnYXBbLKEPLW9G29DMwhJ/framer.awt7G_KF.mjs:921:25580
    at https://framerusercontent.com/sites/5pnYXBbLKEPLW9G29DMwhJ/framer.awt7G_KF.mjs:83:35130
    at Kw (https://framerusercontent.com/sites/5pnYXBbLKEPLW9G29DMwhJ/framer.awt7G_KF.mjs:928:678)
    at Suspense
    at nu (https://framerusercontent.com/sites/5pnYXBbLKEPLW9G29DMwhJ/framer.awt7G_KF.mjs:49:73700)
    at cu (https://framerusercontent.com/sites/5pnYXBbLKEPLW9G29DMwhJ/framer.awt7G_KF.mjs:49:74364)
    at su (https://framerusercontent.com/sites/5pnYXBbLKEPLW9G29DMwhJ/framer.awt7G_KF.mjs:49:74226)
    at of (https://framerusercontent.com/sites/5pnYXBbLKEPLW9G29DMwhJ/motion.eL-CBXa_.mjs:9:71320)
    at Ja (https://framerusercontent.com/sites/5pnYXBbLKEPLW9G29DMwhJ/framer.awt7G_KF.mjs:49:26954)
    at div
    at s (https://framerusercontent.com/sites/5pnYXBbLKEPLW9G29DMwhJ/motion.eL-CBXa_.mjs:9:5742)
    at https://framerusercontent.com/sites/5pnYXBbLKEPLW9G29DMwhJ/framer.awt7G_KF.mjs:928:1367
    at https://framerusercontent.com/sites/5pnYXBbLKEPLW9G29DMwhJ/framer.awt7G_KF.mjs:921:30987
    at https://framerusercontent.com/sites/5pnYXBbLKEPLW9G29DMwhJ/framer.awt7G_KF.mjs:921:30800
    at div
    at div
    at div
    at div
    at div
    at div
    at div
    at s (https://framerusercontent.com/sites/5pnYXBbLKEPLW9G29DMwhJ/motion.eL-CBXa_.mjs:9:5742)
    at div
    at s (https://framerusercontent.com/sites/5pnYXBbLKEPLW9G29DMwhJ/motion.eL-CBXa_.mjs:9:5742)
    at of (https://framerusercontent.com/sites/5pnYXBbLKEPLW9G29DMwhJ/motion.eL-CBXa_.mjs:9:71320)
    at https://framerusercontent.com/sites/5pnYXBbLKEPLW9G29DMwhJ/NsKjUvTZeqrFvR5wi9mJBdJJm_6ukV79F1Lw0iZR7l0.WY3FAW_A.mjs:1:3435
    at https://framerusercontent.com/sites/5pnYXBbLKEPLW9G29DMwhJ/framer.awt7G_KF.mjs:83:35130
    at https://framerusercontent.com/sites/5pnYXBbLKEPLW9G29DMwhJ/framer.awt7G_KF.mjs:3:1056
    at div
    at s (https://framerusercontent.com/sites/5pnYXBbLKEPLW9G29DMwhJ/motion.eL-CBXa_.mjs:9:5742)
    at of (https://framerusercontent.com/sites/5pnYXBbLKEPLW9G29DMwhJ/motion.eL-CBXa_.mjs:9:71320)
    at https://framerusercontent.com/sites/5pnYXBbLKEPLW9G29DMwhJ/script_main.DGzOQ-qi.mjs:280:44037
    at https://framerusercontent.com/sites/5pnYXBbLKEPLW9G29DMwhJ/framer.awt7G_KF.mjs:83:35130
    at https://framerusercontent.com/sites/5pnYXBbLKEPLW9G29DMwhJ/framer.awt7G_KF.mjs:928:18264
    at Suspense
    at nu (https://framerusercontent.com/sites/5pnYXBbLKEPLW9G29DMwhJ/framer.awt7G_KF.mjs:49:73700)
    at _d (https://framerusercontent.com/sites/5pnYXBbLKEPLW9G29DMwhJ/framer.awt7G_KF.mjs:52:6443)
    at bl (https://framerusercontent.com/sites/5pnYXBbLKEPLW9G29DMwhJ/script_main.DGzOQ-qi.mjs:280:304920)
    at Jf (https://framerusercontent.com/sites/5pnYXBbLKEPLW9G29DMwhJ/framer.awt7G_KF.mjs:54:10416)
    at Vb (https://framerusercontent.com/sites/5pnYXBbLKEPLW9G29DMwhJ/framer.awt7G_KF.mjs:83:6367)
    at Suspense
    at nu (https://framerusercontent.com/sites/5pnYXBbLKEPLW9G29DMwhJ/framer.awt7G_KF.mjs:49:73700)
    at Vw (https://framerusercontent.com/sites/5pnYXBbLKEPLW9G29DMwhJ/framer.awt7G_KF.mjs:921:31057)
    at af (https://framerusercontent.com/sites/5pnYXBbLKEPLW9G29DMwhJ/framer.awt7G_KF.mjs:52:18105)
    at li (https://framerusercontent.com/sites/5pnYXBbLKEPLW9G29DMwhJ/framer.awt7G_KF.mjs:49:6955)
    at https://framerusercontent.com/sites/5pnYXBbLKEPLW9G29DMwhJ/framer.awt7G_KF.mjs:928:2407
    at https://framerusercontent.com/sites/5pnYXBbLKEPLW9G29DMwhJ/framer.awt7G_KF.mjs:83:35130
    at Rt (https://framerusercontent.com/sites/5pnYXBbLKEPLW9G29DMwhJ/framer.awt7G_KF.mjs:3:3254)
    at qf (https://framerusercontent.com/sites/5pnYXBbLKEPLW9G29DMwhJ/framer.awt7G_KF.mjs:54:5233)
    at cf (https://framerusercontent.com/sites/5pnYXBbLKEPLW9G29DMwhJ/framer.awt7G_KF.mjs:52:18961)
    at jE (https://framerusercontent.com/sites/5pnYXBbLKEPLW9G29DMwhJ/framer.awt7G_KF.mjs:928:18033)
    at On (https://framerusercontent.com/sites/5pnYXBbLKEPLW9G29DMwhJ/framer.awt7G_KF.mjs:7:9178)
    at ia (https://framerusercontent.com/sites/5pnYXBbLKEPLW9G29DMwhJ/motion.eL-CBXa_.mjs:9:1423)
    at Qr (https://framerusercontent.com/sites/5pnYXBbLKEPLW9G29DMwhJ/framer.awt7G_KF.mjs:49:6251)
    at rp (https://framerusercontent.com/sites/5pnYXBbLKEPLW9G29DMwhJ/framer.awt7G_KF.mjs:54:11578)
    at TT (https://framerusercontent.com/sites/5pnYXBbLKEPLW9G29DMwhJ/framer.awt7G_KF.mjs:928:7599)
    at sr (https://framerusercontent.com/sites/5pnYXBbLKEPLW9G29DMwhJ/framer.awt7G_KF.mjs:7:14711) @ https://t.peec.ai/static/posthog-recorder.js?v=1.416.0:0
[     257ms] [WARNING] Caught a recoverable error. The site is still functional, but might have some UI flickering or degraded page load performance. If you are the author of this website, update external components and check recently added custom code or code overrides to fix the following server/client mismatches:
 Error: Minified React error #418; visit https://reactjs.org/docs/error-decoder.html?invariant=418 for the full message or use the non-minified dev environment for full errors and additional helpful warnings.
    at da (https://framerusercontent.com/sites/5pnYXBbLKEPLW9G29DMwhJ/react.LucpZiGF.mjs:6:4235)
    at sp (https://framerusercontent.com/sites/5pnYXBbLKEPLW9G29DMwhJ/react.LucpZiGF.mjs:8:68259)
    at $s (https://framerusercontent.com/sites/5pnYXBbLKEPLW9G29DMwhJ/react.LucpZiGF.mjs:8:37073)
    at Qs (https://framerusercontent.com/sites/5pnYXBbLKEPLW9G29DMwhJ/react.LucpZiGF.mjs:8:37046)
    at Ls (https://framerusercontent.com/sites/5pnYXBbLKEPLW9G29DMwhJ/react.LucpZiGF.mjs:8:32130)
    at wt (https://framerusercontent.com/sites/5pnYXBbLKEPLW9G29DMwhJ/react.LucpZiGF.mjs:1:10651)
    at MessagePort.Et (https://framerusercontent.com/sites/5pnYXBbLKEPLW9G29DMwhJ/react.LucpZiGF.mjs:1:11006) 
    at svg
    at div
    at div
    at div
    at div
    at xe (https://framerusercontent.com/sites/5pnYXBbLKEPLW9G29DMwhJ/SyncBillingToggle.CaSFIKVy.mjs:1:6576)
    at https://framerusercontent.com/sites/5pnYXBbLKEPLW9G29DMwhJ/SyncBillingToggle.CaSFIKVy.mjs:16:13921
    at Kw (https://framerusercontent.com/sites/5pnYXBbLKEPLW9G29DMwhJ/framer.awt7G_KF.mjs:928:678)
    at Suspense
    at nu (https://framerusercontent.com/sites/5pnYXBbLKEPLW9G29DMwhJ/framer.awt7G_KF.mjs:49:73700)
    at cu (https://framerusercontent.com/sites/5pnYXBbLKEPLW9G29DMwhJ/framer.awt7G_KF.mjs:49:74364)
    at su (https://framerusercontent.com/sites/5pnYXBbLKEPLW9G29DMwhJ/framer.awt7G_KF.mjs:49:74226)
    at s (https://framerusercontent.com/sites/5pnYXBbLKEPLW9G29DMwhJ/framer.awt7G_KF.mjs:59:10242)
    at div
    at https://framerusercontent.com/sites/5pnYXBbLKEPLW9G29DMwhJ/framer.awt7G_KF.mjs:921:25580
    at https://framerusercontent.com/sites/5pnYXBbLKEPLW9G29DMwhJ/framer.awt7G_KF.mjs:83:35130
    at Kw (https://framerusercontent.com/sites/5pnYXBbLKEPLW9G29DMwhJ/framer.awt7G_KF.mjs:928:678)
    at Suspense
    at nu (https://framerusercontent.com/sites/5pnYXBbLKEPLW9G29DMwhJ/framer.awt7G_KF.mjs:49:73700)
    at cu (https://framerusercontent.com/sites/5pnYXBbLKEPLW9G29DMwhJ/framer.awt7G_KF.mjs:49:74364)
    at su (https://framerusercontent.com/sites/5pnYXBbLKEPLW9G29DMwhJ/framer.awt7G_KF.mjs:49:74226)
    at of (https://framerusercontent.com/sites/5pnYXBbLKEPLW9G29DMwhJ/motion.eL-CBXa_.mjs:9:71320)
    at Ja (https://framerusercontent.com/sites/5pnYXBbLKEPLW9G29DMwhJ/framer.awt7G_KF.mjs:49:26954)
    at div
    at s (https://framerusercontent.com/sites/5pnYXBbLKEPLW9G29DMwhJ/motion.eL-CBXa_.mjs:9:5742)
    at https://framerusercontent.com/sites/5pnYXBbLKEPLW9G29DMwhJ/framer.awt7G_KF.mjs:928:1367
    at https://framerusercontent.com/sites/5pnYXBbLKEPLW9G29DMwhJ/framer.awt7G_KF.mjs:921:30987
    at https://framerusercontent.com/sites/5pnYXBbLKEPLW9G29DMwhJ/framer.awt7G_KF.mjs:921:30800
    at div
    at div
    at div
    at div
    at div
    at div
    at div
    at s (https://framerusercontent.com/sites/5pnYXBbLKEPLW9G29DMwhJ/motion.eL-CBXa_.mjs:9:5742)
    at div
    at s (https://framerusercontent.com/sites/5pnYXBbLKEPLW9G29DMwhJ/motion.eL-CBXa_.mjs:9:5742)
    at of (https://framerusercontent.com/sites/5pnYXBbLKEPLW9G29DMwhJ/motion.eL-CBXa_.mjs:9:71320)
    at https://framerusercontent.com/sites/5pnYXBbLKEPLW9G29DMwhJ/NsKjUvTZeqrFvR5wi9mJBdJJm_6ukV79F1Lw0iZR7l0.WY3FAW_A.mjs:1:3435
    at https://framerusercontent.com/sites/5pnYXBbLKEPLW9G29DMwhJ/framer.awt7G_KF.mjs:83:35130
    at https://framerusercontent.com/sites/5pnYXBbLKEPLW9G29DMwhJ/framer.awt7G_KF.mjs:3:1056
    at div
    at s (https://framerusercontent.com/sites/5pnYXBbLKEPLW9G29DMwhJ/motion.eL-CBXa_.mjs:9:5742)
    at of (https://framerusercontent.com/sites/5pnYXBbLKEPLW9G29DMwhJ/motion.eL-CBXa_.mjs:9:71320)
    at https://framerusercontent.com/sites/5pnYXBbLKEPLW9G29DMwhJ/script_main.DGzOQ-qi.mjs:280:44037
    at https://framerusercontent.com/sites/5pnYXBbLKEPLW9G29DMwhJ/framer.awt7G_KF.mjs:83:35130
    at https://framerusercontent.com/sites/5pnYXBbLKEPLW9G29DMwhJ/framer.awt7G_KF.mjs:928:18264
    at Suspense
    at nu (https://framerusercontent.com/sites/5pnYXBbLKEPLW9G29DMwhJ/framer.awt7G_KF.mjs:49:73700)
    at _d (https://framerusercontent.com/sites/5pnYXBbLKEPLW9G29DMwhJ/framer.awt7G_KF.mjs:52:6443)
    at bl (https://framerusercontent.com/sites/5pnYXBbLKEPLW9G29DMwhJ/script_main.DGzOQ-qi.mjs:280:304920)
    at Jf (https://framerusercontent.com/sites/5pnYXBbLKEPLW9G29DMwhJ/framer.awt7G_KF.mjs:54:10416)
    at Vb (https://framerusercontent.com/sites/5pnYXBbLKEPLW9G29DMwhJ/framer.awt7G_KF.mjs:83:6367)
    at Suspense
    at nu (https://framerusercontent.com/sites/5pnYXBbLKEPLW9G29DMwhJ/framer.awt7G_KF.mjs:49:73700)
    at Vw (https://framerusercontent.com/sites/5pnYXBbLKEPLW9G29DMwhJ/framer.awt7G_KF.mjs:921:31057)
    at af (https://framerusercontent.com/sites/5pnYXBbLKEPLW9G29DMwhJ/framer.awt7G_KF.mjs:52:18105)
    at li (https://framerusercontent.com/sites/5pnYXBbLKEPLW9G29DMwhJ/framer.awt7G_KF.mjs:49:6955)
    at https://framerusercontent.com/sites/5pnYXBbLKEPLW9G29DMwhJ/framer.awt7G_KF.mjs:928:2407
    at https://framerusercontent.com/sites/5pnYXBbLKEPLW9G29DMwhJ/framer.awt7G_KF.mjs:83:35130
    at Rt (https://framerusercontent.com/sites/5pnYXBbLKEPLW9G29DMwhJ/framer.awt7G_KF.mjs:3:3254)
    at qf (https://framerusercontent.com/sites/5pnYXBbLKEPLW9G29DMwhJ/framer.awt7G_KF.mjs:54:5233)
    at cf (https://framerusercontent.com/sites/5pnYXBbLKEPLW9G29DMwhJ/framer.awt7G_KF.mjs:52:18961)
    at jE (https://framerusercontent.com/sites/5pnYXBbLKEPLW9G29DMwhJ/framer.awt7G_KF.mjs:928:18033)
    at On (https://framerusercontent.com/sites/5pnYXBbLKEPLW9G29DMwhJ/framer.awt7G_KF.mjs:7:9178)
    at ia (https://framerusercontent.com/sites/5pnYXBbLKEPLW9G29DMwhJ/motion.eL-CBXa_.mjs:9:1423)
    at Qr (https://framerusercontent.com/sites/5pnYXBbLKEPLW9G29DMwhJ/framer.awt7G_KF.mjs:49:6251)
    at rp (https://framerusercontent.com/sites/5pnYXBbLKEPLW9G29DMwhJ/framer.awt7G_KF.mjs:54:11578)
    at TT (https://framerusercontent.com/sites/5pnYXBbLKEPLW9G29DMwhJ/framer.awt7G_KF.mjs:928:7599)
    at sr (https://framerusercontent.com/sites/5pnYXBbLKEPLW9G29DMwhJ/framer.awt7G_KF.mjs:7:14711) @ https://t.peec.ai/static/posthog-recorder.js?v=1.416.0:0
[     257ms] [WARNING] Caught a recoverable error. The site is still functional, but might have some UI flickering or degraded page load performance. If you are the author of this website, update external components and check recently added custom code or code overrides to fix the following server/client mismatches:
 Error: Minified React error #418; visit https://reactjs.org/docs/error-decoder.html?invariant=418 for the full message or use the non-minified dev environment for full errors and additional helpful warnings.
    at da (https://framerusercontent.com/sites/5pnYXBbLKEPLW9G29DMwhJ/react.LucpZiGF.mjs:6:4235)
    at sp (https://framerusercontent.com/sites/5pnYXBbLKEPLW9G29DMwhJ/react.LucpZiGF.mjs:8:68259)
    at $s (https://framerusercontent.com/sites/5pnYXBbLKEPLW9G29DMwhJ/react.LucpZiGF.mjs:8:37073)
    at Qs (https://framerusercontent.com/sites/5pnYXBbLKEPLW9G29DMwhJ/react.LucpZiGF.mjs:8:37046)
    at Ls (https://framerusercontent.com/sites/5pnYXBbLKEPLW9G29DMwhJ/react.LucpZiGF.mjs:8:32130)
    at wt (https://framerusercontent.com/sites/5pnYXBbLKEPLW9G29DMwhJ/react.LucpZiGF.mjs:1:10651)
    at MessagePort.Et (https://framerusercontent.com/sites/5pnYXBbLKEPLW9G29DMwhJ/react.LucpZiGF.mjs:1:11006) 
    at div
    at div
    at div
    at xe (https://framerusercontent.com/sites/5pnYXBbLKEPLW9G29DMwhJ/SyncBillingToggle.CaSFIKVy.mjs:1:6576)
    at https://framerusercontent.com/sites/5pnYXBbLKEPLW9G29DMwhJ/SyncBillingToggle.CaSFIKVy.mjs:16:13921
    at Kw (https://framerusercontent.com/sites/5pnYXBbLKEPLW9G29DMwhJ/framer.awt7G_KF.mjs:928:678)
    at Suspense
    at nu (https://framerusercontent.com/sites/5pnYXBbLKEPLW9G29DMwhJ/framer.awt7G_KF.mjs:49:73700)
    at cu (https://framerusercontent.com/sites/5pnYXBbLKEPLW9G29DMwhJ/framer.awt7G_KF.mjs:49:74364)
    at su (https://framerusercontent.com/sites/5pnYXBbLKEPLW9G29DMwhJ/framer.awt7G_KF.mjs:49:74226)
    at s (https://framerusercontent.com/sites/5pnYXBbLKEPLW9G29DMwhJ/framer.awt7G_KF.mjs:59:10242)
    at div
    at https://framerusercontent.com/sites/5pnYXBbLKEPLW9G29DMwhJ/framer.awt7G_KF.mjs:921:25580
    at https://framerusercontent.com/sites/5pnYXBbLKEPLW9G29DMwhJ/framer.awt7G_KF.mjs:83:35130
    at Kw (https://framerusercontent.com/sites/5pnYXBbLKEPLW9G29DMwhJ/framer.awt7G_KF.mjs:928:678)
    at Suspense
    at nu (https://framerusercontent.com/sites/5pnYXBbLKEPLW9G29DMwhJ/framer.awt7G_KF.mjs:49:73700)
    at cu (https://framerusercontent.com/sites/5pnYXBbLKEPLW9G29DMwhJ/framer.awt7G_KF.mjs:49:74364)
    at su (https://framerusercontent.com/sites/5pnYXBbLKEPLW9G29DMwhJ/framer.awt7G_KF.mjs:49:74226)
    at of (https://framerusercontent.com/sites/5pnYXBbLKEPLW9G29DMwhJ/motion.eL-CBXa_.mjs:9:71320)
    at Ja (https://framerusercontent.com/sites/5pnYXBbLKEPLW9G29DMwhJ/framer.awt7G_KF.mjs:49:26954)
    at div
    at s (https://framerusercontent.com/sites/5pnYXBbLKEPLW9G29DMwhJ/motion.eL-CBXa_.mjs:9:5742)
    at https://framerusercontent.com/sites/5pnYXBbLKEPLW9G29DMwhJ/framer.awt7G_KF.mjs:928:1367
    at https://framerusercontent.com/sites/5pnYXBbLKEPLW9G29DMwhJ/framer.awt7G_KF.mjs:921:30987
    at https://framerusercontent.com/sites/5pnYXBbLKEPLW9G29DMwhJ/framer.awt7G_KF.mjs:921:30800
    at div
    at div
    at div
    at div
    at div
    at div
    at div
    at s (https://framerusercontent.com/sites/5pnYXBbLKEPLW9G29DMwhJ/motion.eL-CBXa_.mjs:9:5742)
    at div
    at s (https://framerusercontent.com/sites/5pnYXBbLKEPLW9G29DMwhJ/motion.eL-CBXa_.mjs:9:5742)
    at of (https://framerusercontent.com/sites/5pnYXBbLKEPLW9G29DMwhJ/motion.eL-CBXa_.mjs:9:71320)
    at https://framerusercontent.com/sites/5pnYXBbLKEPLW9G29DMwhJ/NsKjUvTZeqrFvR5wi9mJBdJJm_6ukV79F1Lw0iZR7l0.WY3FAW_A.mjs:1:3435
    at https://framerusercontent.com/sites/5pnYXBbLKEPLW9G29DMwhJ/framer.awt7G_KF.mjs:83:35130
    at https://framerusercontent.com/sites/5pnYXBbLKEPLW9G29DMwhJ/framer.awt7G_KF.mjs:3:1056
    at div
    at s (https://framerusercontent.com/sites/5pnYXBbLKEPLW9G29DMwhJ/motion.eL-CBXa_.mjs:9:5742)
    at of (https://framerusercontent.com/sites/5pnYXBbLKEPLW9G29DMwhJ/motion.eL-CBXa_.mjs:9:71320)
    at https://framerusercontent.com/sites/5pnYXBbLKEPLW9G29DMwhJ/script_main.DGzOQ-qi.mjs:280:44037
    at https://framerusercontent.com/sites/5pnYXBbLKEPLW9G29DMwhJ/framer.awt7G_KF.mjs:83:35130
    at https://framerusercontent.com/sites/5pnYXBbLKEPLW9G29DMwhJ/framer.awt7G_KF.mjs:928:18264
    at Suspense
    at nu (https://framerusercontent.com/sites/5pnYXBbLKEPLW9G29DMwhJ/framer.awt7G_KF.mjs:49:73700)
    at _d (https://framerusercontent.com/sites/5pnYXBbLKEPLW9G29DMwhJ/framer.awt7G_KF.mjs:52:6443)
    at bl (https://framerusercontent.com/sites/5pnYXBbLKEPLW9G29DMwhJ/script_main.DGzOQ-qi.mjs:280:304920)
    at Jf (https://framerusercontent.com/sites/5pnYXBbLKEPLW9G29DMwhJ/framer.awt7G_KF.mjs:54:10416)
    at Vb (https://framerusercontent.com/sites/5pnYXBbLKEPLW9G29DMwhJ/framer.awt7G_KF.mjs:83:6367)
    at Suspense
    at nu (https://framerusercontent.com/sites/5pnYXBbLKEPLW9G29DMwhJ/framer.awt7G_KF.mjs:49:73700)
    at Vw (https://framerusercontent.com/sites/5pnYXBbLKEPLW9G29DMwhJ/framer.awt7G_KF.mjs:921:31057)
    at af (https://framerusercontent.com/sites/5pnYXBbLKEPLW9G29DMwhJ/framer.awt7G_KF.mjs:52:18105)
    at li (https://framerusercontent.com/sites/5pnYXBbLKEPLW9G29DMwhJ/framer.awt7G_KF.mjs:49:6955)
    at https://framerusercontent.com/sites/5pnYXBbLKEPLW9G29DMwhJ/framer.awt7G_KF.mjs:928:2407
    at https://framerusercontent.com/sites/5pnYXBbLKEPLW9G29DMwhJ/framer.awt7G_KF.mjs:83:35130
    at Rt (https://framerusercontent.com/sites/5pnYXBbLKEPLW9G29DMwhJ/framer.awt7G_KF.mjs:3:3254)
    at qf (https://framerusercontent.com/sites/5pnYXBbLKEPLW9G29DMwhJ/framer.awt7G_KF.mjs:54:5233)
    at cf (https://framerusercontent.com/sites/5pnYXBbLKEPLW9G29DMwhJ/framer.awt7G_KF.mjs:52:18961)
    at jE (https://framerusercontent.com/sites/5pnYXBbLKEPLW9G29DMwhJ/framer.awt7G_KF.mjs:928:18033)
    at On (https://framerusercontent.com/sites/5pnYXBbLKEPLW9G29DMwhJ/framer.awt7G_KF.mjs:7:9178)
    at ia (https://framerusercontent.com/sites/5pnYXBbLKEPLW9G29DMwhJ/motion.eL-CBXa_.mjs:9:1423)
    at Qr (https://framerusercontent.com/sites/5pnYXBbLKEPLW9G29DMwhJ/framer.awt7G_KF.mjs:49:6251)
    at rp (https://framerusercontent.com/sites/5pnYXBbLKEPLW9G29DMwhJ/framer.awt7G_KF.mjs:54:11578)
    at TT (https://framerusercontent.com/sites/5pnYXBbLKEPLW9G29DMwhJ/framer.awt7G_KF.mjs:928:7599)
    at sr (https://framerusercontent.com/sites/5pnYXBbLKEPLW9G29DMwhJ/framer.awt7G_KF.mjs:7:14711) @ https://t.peec.ai/static/posthog-recorder.js?v=1.416.0:0
[     257ms] [WARNING] Caught a recoverable error. The site is still functional, but might have some UI flickering or degraded page load performance. If you are the author of this website, update external components and check recently added custom code or code overrides to fix the following server/client mismatches:
 Error: Minified React error #418; visit https://reactjs.org/docs/error-decoder.html?invariant=418 for the full message or use the non-minified dev environment for full errors and additional helpful warnings.
    at da (https://framerusercontent.com/sites/5pnYXBbLKEPLW9G29DMwhJ/react.LucpZiGF.mjs:6:4235)
    at sp (https://framerusercontent.com/sites/5pnYXBbLKEPLW9G29DMwhJ/react.LucpZiGF.mjs:8:68259)
    at $s (https://framerusercontent.com/sites/5pnYXBbLKEPLW9G29DMwhJ/react.LucpZiGF.mjs:8:37073)
    at Qs (https://framerusercontent.com/sites/5pnYXBbLKEPLW9G29DMwhJ/react.LucpZiGF.mjs:8:37046)
    at Ls (https://framerusercontent.com/sites/5pnYXBbLKEPLW9G29DMwhJ/react.LucpZiGF.mjs:8:32130)
    at wt (https://framerusercontent.com/sites/5pnYXBbLKEPLW9G29DMwhJ/react.LucpZiGF.mjs:1:10651)
    at MessagePort.Et (https://framerusercontent.com/sites/5pnYXBbLKEPLW9G29DMwhJ/react.LucpZiGF.mjs:1:11006) 
    at div
    at div
    at div
    at xe (https://framerusercontent.com/sites/5pnYXBbLKEPLW9G29DMwhJ/SyncBillingToggle.CaSFIKVy.mjs:1:6576)
    at https://framerusercontent.com/sites/5pnYXBbLKEPLW9G29DMwhJ/SyncBillingToggle.CaSFIKVy.mjs:16:13921
    at Kw (https://framerusercontent.com/sites/5pnYXBbLKEPLW9G29DMwhJ/framer.awt7G_KF.mjs:928:678)
    at Suspense
    at nu (https://framerusercontent.com/sites/5pnYXBbLKEPLW9G29DMwhJ/framer.awt7G_KF.mjs:49:73700)
    at cu (https://framerusercontent.com/sites/5pnYXBbLKEPLW9G29DMwhJ/framer.awt7G_KF.mjs:49:74364)
    at su (https://framerusercontent.com/sites/5pnYXBbLKEPLW9G29DMwhJ/framer.awt7G_KF.mjs:49:74226)
    at s (https://framerusercontent.com/sites/5pnYXBbLKEPLW9G29DMwhJ/framer.awt7G_KF.mjs:59:10242)
    at div
    at https://framerusercontent.com/sites/5pnYXBbLKEPLW9G29DMwhJ/framer.awt7G_KF.mjs:921:25580
    at https://framerusercontent.com/sites/5pnYXBbLKEPLW9G29DMwhJ/framer.awt7G_KF.mjs:83:35130
    at Kw (https://framerusercontent.com/sites/5pnYXBbLKEPLW9G29DMwhJ/framer.awt7G_KF.mjs:928:678)
    at Suspense
    at nu (https://framerusercontent.com/sites/5pnYXBbLKEPLW9G29DMwhJ/framer.awt7G_KF.mjs:49:73700)
    at cu (https://framerusercontent.com/sites/5pnYXBbLKEPLW9G29DMwhJ/framer.awt7G_KF.mjs:49:74364)
    at su (https://framerusercontent.com/sites/5pnYXBbLKEPLW9G29DMwhJ/framer.awt7G_KF.mjs:49:74226)
    at of (https://framerusercontent.com/sites/5pnYXBbLKEPLW9G29DMwhJ/motion.eL-CBXa_.mjs:9:71320)
    at Ja (https://framerusercontent.com/sites/5pnYXBbLKEPLW9G29DMwhJ/framer.awt7G_KF.mjs:49:26954)
    at div
    at s (https://framerusercontent.com/sites/5pnYXBbLKEPLW9G29DMwhJ/motion.eL-CBXa_.mjs:9:5742)
    at https://framerusercontent.com/sites/5pnYXBbLKEPLW9G29DMwhJ/framer.awt7G_KF.mjs:928:1367
    at https://framerusercontent.com/sites/5pnYXBbLKEPLW9G29DMwhJ/framer.awt7G_KF.mjs:921:30987
    at https://framerusercontent.com/sites/5pnYXBbLKEPLW9G29DMwhJ/framer.awt7G_KF.mjs:921:30800
    at div
    at div
    at div
    at div
    at div
    at div
    at div
    at s (https://framerusercontent.com/sites/5pnYXBbLKEPLW9G29DMwhJ/motion.eL-CBXa_.mjs:9:5742)
    at div
    at s (https://framerusercontent.com/sites/5pnYXBbLKEPLW9G29DMwhJ/motion.eL-CBXa_.mjs:9:5742)
    at of (https://framerusercontent.com/sites/5pnYXBbLKEPLW9G29DMwhJ/motion.eL-CBXa_.mjs:9:71320)
    at https://framerusercontent.com/sites/5pnYXBbLKEPLW9G29DMwhJ/NsKjUvTZeqrFvR5wi9mJBdJJm_6ukV79F1Lw0iZR7l0.WY3FAW_A.mjs:1:3435
    at https://framerusercontent.com/sites/5pnYXBbLKEPLW9G29DMwhJ/framer.awt7G_KF.mjs:83:35130
    at https://framerusercontent.com/sites/5pnYXBbLKEPLW9G29DMwhJ/framer.awt7G_KF.mjs:3:1056
    at div
    at s (https://framerusercontent.com/sites/5pnYXBbLKEPLW9G29DMwhJ/motion.eL-CBXa_.mjs:9:5742)
    at of (https://framerusercontent.com/sites/5pnYXBbLKEPLW9G29DMwhJ/motion.eL-CBXa_.mjs:9:71320)
    at https://framerusercontent.com/sites/5pnYXBbLKEPLW9G29DMwhJ/script_main.DGzOQ-qi.mjs:280:44037
    at https://framerusercontent.com/sites/5pnYXBbLKEPLW9G29DMwhJ/framer.awt7G_KF.mjs:83:35130
    at https://framerusercontent.com/sites/5pnYXBbLKEPLW9G29DMwhJ/framer.awt7G_KF.mjs:928:18264
    at Suspense
    at nu (https://framerusercontent.com/sites/5pnYXBbLKEPLW9G29DMwhJ/framer.awt7G_KF.mjs:49:73700)
    at _d (https://framerusercontent.com/sites/5pnYXBbLKEPLW9G29DMwhJ/framer.awt7G_KF.mjs:52:6443)
    at bl (https://framerusercontent.com/sites/5pnYXBbLKEPLW9G29DMwhJ/script_main.DGzOQ-qi.mjs:280:304920)
    at Jf (https://framerusercontent.com/sites/5pnYXBbLKEPLW9G29DMwhJ/framer.awt7G_KF.mjs:54:10416)
    at Vb (https://framerusercontent.com/sites/5pnYXBbLKEPLW9G29DMwhJ/framer.awt7G_KF.mjs:83:6367)
    at Suspense
    at nu (https://framerusercontent.com/sites/5pnYXBbLKEPLW9G29DMwhJ/framer.awt7G_KF.mjs:49:73700)
    at Vw (https://framerusercontent.com/sites/5pnYXBbLKEPLW9G29DMwhJ/framer.awt7G_KF.mjs:921:31057)
    at af (https://framerusercontent.com/sites/5pnYXBbLKEPLW9G29DMwhJ/framer.awt7G_KF.mjs:52:18105)
    at li (https://framerusercontent.com/sites/5pnYXBbLKEPLW9G29DMwhJ/framer.awt7G_KF.mjs:49:6955)
    at https://framerusercontent.com/sites/5pnYXBbLKEPLW9G29DMwhJ/framer.awt7G_KF.mjs:928:2407
    at https://framerusercontent.com/sites/5pnYXBbLKEPLW9G29DMwhJ/framer.awt7G_KF.mjs:83:35130
    at Rt (https://framerusercontent.com/sites/5pnYXBbLKEPLW9G29DMwhJ/framer.awt7G_KF.mjs:3:3254)
    at qf (https://framerusercontent.com/sites/5pnYXBbLKEPLW9G29DMwhJ/framer.awt7G_KF.mjs:54:5233)
    at cf (https://framerusercontent.com/sites/5pnYXBbLKEPLW9G29DMwhJ/framer.awt7G_KF.mjs:52:18961)
    at jE (https://framerusercontent.com/sites/5pnYXBbLKEPLW9G29DMwhJ/framer.awt7G_KF.mjs:928:18033)
    at On (https://framerusercontent.com/sites/5pnYXBbLKEPLW9G29DMwhJ/framer.awt7G_KF.mjs:7:9178)
    at ia (https://framerusercontent.com/sites/5pnYXBbLKEPLW9G29DMwhJ/motion.eL-CBXa_.mjs:9:1423)
    at Qr (https://framerusercontent.com/sites/5pnYXBbLKEPLW9G29DMwhJ/framer.awt7G_KF.mjs:49:6251)
    at rp (https://framerusercontent.com/sites/5pnYXBbLKEPLW9G29DMwhJ/framer.awt7G_KF.mjs:54:11578)
    at TT (https://framerusercontent.com/sites/5pnYXBbLKEPLW9G29DMwhJ/framer.awt7G_KF.mjs:928:7599)
    at sr (https://framerusercontent.com/sites/5pnYXBbLKEPLW9G29DMwhJ/framer.awt7G_KF.mjs:7:14711) @ https://t.peec.ai/static/posthog-recorder.js?v=1.416.0:0
[     257ms] [WARNING] Caught a recoverable error. The site is still functional, but might have some UI flickering or degraded page load performance. If you are the author of this website, update external components and check recently added custom code or code overrides to fix the following server/client mismatches:
 Error: Minified React error #418; visit https://reactjs.org/docs/error-decoder.html?invariant=418 for the full message or use the non-minified dev environment for full errors and additional helpful warnings.
    at da (https://framerusercontent.com/sites/5pnYXBbLKEPLW9G29DMwhJ/react.LucpZiGF.mjs:6:4235)
    at sp (https://framerusercontent.com/sites/5pnYXBbLKEPLW9G29DMwhJ/react.LucpZiGF.mjs:8:68259)
    at $s (https://framerusercontent.com/sites/5pnYXBbLKEPLW9G29DMwhJ/react.LucpZiGF.mjs:8:37073)
    at Qs (https://framerusercontent.com/sites/5pnYXBbLKEPLW9G29DMwhJ/react.LucpZiGF.mjs:8:37046)
    at Ls (https://framerusercontent.com/sites/5pnYXBbLKEPLW9G29DMwhJ/react.LucpZiGF.mjs:8:32130)
    at wt (https://framerusercontent.com/sites/5pnYXBbLKEPLW9G29DMwhJ/react.LucpZiGF.mjs:1:10651)
    at MessagePort.Et (https://framerusercontent.com/sites/5pnYXBbLKEPLW9G29DMwhJ/react.LucpZiGF.mjs:1:11006) 
    at p
    at div
    at div
    at xe (https://framerusercontent.com/sites/5pnYXBbLKEPLW9G29DMwhJ/SyncBillingToggle.CaSFIKVy.mjs:1:6576)
    at https://framerusercontent.com/sites/5pnYXBbLKEPLW9G29DMwhJ/SyncBillingToggle.CaSFIKVy.mjs:16:13921
    at Kw (https://framerusercontent.com/sites/5pnYXBbLKEPLW9G29DMwhJ/framer.awt7G_KF.mjs:928:678)
    at Suspense
    at nu (https://framerusercontent.com/sites/5pnYXBbLKEPLW9G29DMwhJ/framer.awt7G_KF.mjs:49:73700)
    at cu (https://framerusercontent.com/sites/5pnYXBbLKEPLW9G29DMwhJ/framer.awt7G_KF.mjs:49:74364)
    at su (https://framerusercontent.com/sites/5pnYXBbLKEPLW9G29DMwhJ/framer.awt7G_KF.mjs:49:74226)
    at s (https://framerusercontent.com/sites/5pnYXBbLKEPLW9G29DMwhJ/framer.awt7G_KF.mjs:59:10242)
    at div
    at https://framerusercontent.com/sites/5pnYXBbLKEPLW9G29DMwhJ/framer.awt7G_KF.mjs:921:25580
    at https://framerusercontent.com/sites/5pnYXBbLKEPLW9G29DMwhJ/framer.awt7G_KF.mjs:83:35130
    at Kw (https://framerusercontent.com/sites/5pnYXBbLKEPLW9G29DMwhJ/framer.awt7G_KF.mjs:928:678)
    at Suspense
    at nu (https://framerusercontent.com/sites/5pnYXBbLKEPLW9G29DMwhJ/framer.awt7G_KF.mjs:49:73700)
    at cu (https://framerusercontent.com/sites/5pnYXBbLKEPLW9G29DMwhJ/framer.awt7G_KF.mjs:49:74364)
    at su (https://framerusercontent.com/sites/5pnYXBbLKEPLW9G29DMwhJ/framer.awt7G_KF.mjs:49:74226)
    at of (https://framerusercontent.com/sites/5pnYXBbLKEPLW9G29DMwhJ/motion.eL-CBXa_.mjs:9:71320)
    at Ja (https://framerusercontent.com/sites/5pnYXBbLKEPLW9G29DMwhJ/framer.awt7G_KF.mjs:49:26954)
    at div
    at s (https://framerusercontent.com/sites/5pnYXBbLKEPLW9G29DMwhJ/motion.eL-CBXa_.mjs:9:5742)
    at https://framerusercontent.com/sites/5pnYXBbLKEPLW9G29DMwhJ/framer.awt7G_KF.mjs:928:1367
    at https://framerusercontent.com/sites/5pnYXBbLKEPLW9G29DMwhJ/framer.awt7G_KF.mjs:921:30987
    at https://framerusercontent.com/sites/5pnYXBbLKEPLW9G29DMwhJ/framer.awt7G_KF.mjs:921:30800
    at div
    at div
    at div
    at div
    at div
    at div
    at div
    at s (https://framerusercontent.com/sites/5pnYXBbLKEPLW9G29DMwhJ/motion.eL-CBXa_.mjs:9:5742)
    at div
    at s (https://framerusercontent.com/sites/5pnYXBbLKEPLW9G29DMwhJ/motion.eL-CBXa_.mjs:9:5742)
    at of (https://framerusercontent.com/sites/5pnYXBbLKEPLW9G29DMwhJ/motion.eL-CBXa_.mjs:9:71320)
    at https://framerusercontent.com/sites/5pnYXBbLKEPLW9G29DMwhJ/NsKjUvTZeqrFvR5wi9mJBdJJm_6ukV79F1Lw0iZR7l0.WY3FAW_A.mjs:1:3435
    at https://framerusercontent.com/sites/5pnYXBbLKEPLW9G29DMwhJ/framer.awt7G_KF.mjs:83:35130
    at https://framerusercontent.com/sites/5pnYXBbLKEPLW9G29DMwhJ/framer.awt7G_KF.mjs:3:1056
    at div
    at s (https://framerusercontent.com/sites/5pnYXBbLKEPLW9G29DMwhJ/motion.eL-CBXa_.mjs:9:5742)
    at of (https://framerusercontent.com/sites/5pnYXBbLKEPLW9G29DMwhJ/motion.eL-CBXa_.mjs:9:71320)
    at https://framerusercontent.com/sites/5pnYXBbLKEPLW9G29DMwhJ/script_main.DGzOQ-qi.mjs:280:44037
    at https://framerusercontent.com/sites/5pnYXBbLKEPLW9G29DMwhJ/framer.awt7G_KF.mjs:83:35130
    at https://framerusercontent.com/sites/5pnYXBbLKEPLW9G29DMwhJ/framer.awt7G_KF.mjs:928:18264
    at Suspense
    at nu (https://framerusercontent.com/sites/5pnYXBbLKEPLW9G29DMwhJ/framer.awt7G_KF.mjs:49:73700)
    at _d (https://framerusercontent.com/sites/5pnYXBbLKEPLW9G29DMwhJ/framer.awt7G_KF.mjs:52:6443)
    at bl (https://framerusercontent.com/sites/5pnYXBbLKEPLW9G29DMwhJ/script_main.DGzOQ-qi.mjs:280:304920)
    at Jf (https://framerusercontent.com/sites/5pnYXBbLKEPLW9G29DMwhJ/framer.awt7G_KF.mjs:54:10416)
    at Vb (https://framerusercontent.com/sites/5pnYXBbLKEPLW9G29DMwhJ/framer.awt7G_KF.mjs:83:6367)
    at Suspense
    at nu (https://framerusercontent.com/sites/5pnYXBbLKEPLW9G29DMwhJ/framer.awt7G_KF.mjs:49:73700)
    at Vw (https://framerusercontent.com/sites/5pnYXBbLKEPLW9G29DMwhJ/framer.awt7G_KF.mjs:921:31057)
    at af (https://framerusercontent.com/sites/5pnYXBbLKEPLW9G29DMwhJ/framer.awt7G_KF.mjs:52:18105)
    at li (https://framerusercontent.com/sites/5pnYXBbLKEPLW9G29DMwhJ/framer.awt7G_KF.mjs:49:6955)
    at https://framerusercontent.com/sites/5pnYXBbLKEPLW9G29DMwhJ/framer.awt7G_KF.mjs:928:2407
    at https://framerusercontent.com/sites/5pnYXBbLKEPLW9G29DMwhJ/framer.awt7G_KF.mjs:83:35130
    at Rt (https://framerusercontent.com/sites/5pnYXBbLKEPLW9G29DMwhJ/framer.awt7G_KF.mjs:3:3254)
    at qf (https://framerusercontent.com/sites/5pnYXBbLKEPLW9G29DMwhJ/framer.awt7G_KF.mjs:54:5233)
    at cf (https://framerusercontent.com/sites/5pnYXBbLKEPLW9G29DMwhJ/framer.awt7G_KF.mjs:52:18961)
    at jE (https://framerusercontent.com/sites/5pnYXBbLKEPLW9G29DMwhJ/framer.awt7G_KF.mjs:928:18033)
    at On (https://framerusercontent.com/sites/5pnYXBbLKEPLW9G29DMwhJ/framer.awt7G_KF.mjs:7:9178)
    at ia (https://framerusercontent.com/sites/5pnYXBbLKEPLW9G29DMwhJ/motion.eL-CBXa_.mjs:9:1423)
    at Qr (https://framerusercontent.com/sites/5pnYXBbLKEPLW9G29DMwhJ/framer.awt7G_KF.mjs:49:6251)
    at rp (https://framerusercontent.com/sites/5pnYXBbLKEPLW9G29DMwhJ/framer.awt7G_KF.mjs:54:11578)
    at TT (https://framerusercontent.com/sites/5pnYXBbLKEPLW9G29DMwhJ/framer.awt7G_KF.mjs:928:7599)
    at sr (https://framerusercontent.com/sites/5pnYXBbLKEPLW9G29DMwhJ/framer.awt7G_KF.mjs:7:14711) @ https://t.peec.ai/static/posthog-recorder.js?v=1.416.0:0
[     257ms] [WARNING] Caught a recoverable error. The site is still functional, but might have some UI flickering or degraded page load performance. If you are the author of this website, update external components and check recently added custom code or code overrides to fix the following server/client mismatches:
 Error: Minified React error #418; visit https://reactjs.org/docs/error-decoder.html?invariant=418 for the full message or use the non-minified dev environment for full errors and additional helpful warnings.
    at da (https://framerusercontent.com/sites/5pnYXBbLKEPLW9G29DMwhJ/react.LucpZiGF.mjs:6:4235)
    at sp (https://framerusercontent.com/sites/5pnYXBbLKEPLW9G29DMwhJ/react.LucpZiGF.mjs:8:68259)
    at $s (https://framerusercontent.com/sites/5pnYXBbLKEPLW9G29DMwhJ/react.LucpZiGF.mjs:8:37073)
    at Qs (https://framerusercontent.com/sites/5pnYXBbLKEPLW9G29DMwhJ/react.LucpZiGF.mjs:8:37046)
    at Ls (https://framerusercontent.com/sites/5pnYXBbLKEPLW9G29DMwhJ/react.LucpZiGF.mjs:8:32130)
    at wt (https://framerusercontent.com/sites/5pnYXBbLKEPLW9G29DMwhJ/react.LucpZiGF.mjs:1:10651)
    at MessagePort.Et (https://framerusercontent.com/sites/5pnYXBbLKEPLW9G29DMwhJ/react.LucpZiGF.mjs:1:11006) 
    at div
    at div
    at xe (https://framerusercontent.com/sites/5pnYXBbLKEPLW9G29DMwhJ/SyncBillingToggle.CaSFIKVy.mjs:1:6576)
    at https://framerusercontent.com/sites/5pnYXBbLKEPLW9G29DMwhJ/SyncBillingToggle.CaSFIKVy.mjs:16:13921
    at Kw (https://framerusercontent.com/sites/5pnYXBbLKEPLW9G29DMwhJ/framer.awt7G_KF.mjs:928:678)
    at Suspense
    at nu (https://framerusercontent.com/sites/5pnYXBbLKEPLW9G29DMwhJ/framer.awt7G_KF.mjs:49:73700)
    at cu (https://framerusercontent.com/sites/5pnYXBbLKEPLW9G29DMwhJ/framer.awt7G_KF.mjs:49:74364)
    at su (https://framerusercontent.com/sites/5pnYXBbLKEPLW9G29DMwhJ/framer.awt7G_KF.mjs:49:74226)
    at s (https://framerusercontent.com/sites/5pnYXBbLKEPLW9G29DMwhJ/framer.awt7G_KF.mjs:59:10242)
    at div
    at https://framerusercontent.com/sites/5pnYXBbLKEPLW9G29DMwhJ/framer.awt7G_KF.mjs:921:25580
    at https://framerusercontent.com/sites/5pnYXBbLKEPLW9G29DMwhJ/framer.awt7G_KF.mjs:83:35130
    at Kw (https://framerusercontent.com/sites/5pnYXBbLKEPLW9G29DMwhJ/framer.awt7G_KF.mjs:928:678)
    at Suspense
    at nu (https://framerusercontent.com/sites/5pnYXBbLKEPLW9G29DMwhJ/framer.awt7G_KF.mjs:49:73700)
    at cu (https://framerusercontent.com/sites/5pnYXBbLKEPLW9G29DMwhJ/framer.awt7G_KF.mjs:49:74364)
    at su (https://framerusercontent.com/sites/5pnYXBbLKEPLW9G29DMwhJ/framer.awt7G_KF.mjs:49:74226)
    at of (https://framerusercontent.com/sites/5pnYXBbLKEPLW9G29DMwhJ/motion.eL-CBXa_.mjs:9:71320)
    at Ja (https://framerusercontent.com/sites/5pnYXBbLKEPLW9G29DMwhJ/framer.awt7G_KF.mjs:49:26954)
    at div
    at s (https://framerusercontent.com/sites/5pnYXBbLKEPLW9G29DMwhJ/motion.eL-CBXa_.mjs:9:5742)
    at https://framerusercontent.com/sites/5pnYXBbLKEPLW9G29DMwhJ/framer.awt7G_KF.mjs:928:1367
    at https://framerusercontent.com/sites/5pnYXBbLKEPLW9G29DMwhJ/framer.awt7G_KF.mjs:921:30987
    at https://framerusercontent.com/sites/5pnYXBbLKEPLW9G29DMwhJ/framer.awt7G_KF.mjs:921:30800
    at div
    at div
    at div
    at div
    at div
    at div
    at div
    at s (https://framerusercontent.com/sites/5pnYXBbLKEPLW9G29DMwhJ/motion.eL-CBXa_.mjs:9:5742)
    at div
    at s (https://framerusercontent.com/sites/5pnYXBbLKEPLW9G29DMwhJ/motion.eL-CBXa_.mjs:9:5742)
    at of (https://framerusercontent.com/sites/5pnYXBbLKEPLW9G29DMwhJ/motion.eL-CBXa_.mjs:9:71320)
    at https://framerusercontent.com/sites/5pnYXBbLKEPLW9G29DMwhJ/NsKjUvTZeqrFvR5wi9mJBdJJm_6ukV79F1Lw0iZR7l0.WY3FAW_A.mjs:1:3435
    at https://framerusercontent.com/sites/5pnYXBbLKEPLW9G29DMwhJ/framer.awt7G_KF.mjs:83:35130
    at https://framerusercontent.com/sites/5pnYXBbLKEPLW9G29DMwhJ/framer.awt7G_KF.mjs:3:1056
    at div
    at s (https://framerusercontent.com/sites/5pnYXBbLKEPLW9G29DMwhJ/motion.eL-CBXa_.mjs:9:5742)
    at of (https://framerusercontent.com/sites/5pnYXBbLKEPLW9G29DMwhJ/motion.eL-CBXa_.mjs:9:71320)
    at https://framerusercontent.com/sites/5pnYXBbLKEPLW9G29DMwhJ/script_main.DGzOQ-qi.mjs:280:44037
    at https://framerusercontent.com/sites/5pnYXBbLKEPLW9G29DMwhJ/framer.awt7G_KF.mjs:83:35130
    at https://framerusercontent.com/sites/5pnYXBbLKEPLW9G29DMwhJ/framer.awt7G_KF.mjs:928:18264
    at Suspense
    at nu (https://framerusercontent.com/sites/5pnYXBbLKEPLW9G29DMwhJ/framer.awt7G_KF.mjs:49:73700)
    at _d (https://framerusercontent.com/sites/5pnYXBbLKEPLW9G29DMwhJ/framer.awt7G_KF.mjs:52:6443)
    at bl (https://framerusercontent.com/sites/5pnYXBbLKEPLW9G29DMwhJ/script_main.DGzOQ-qi.mjs:280:304920)
    at Jf (https://framerusercontent.com/sites/5pnYXBbLKEPLW9G29DMwhJ/framer.awt7G_KF.mjs:54:10416)
    at Vb (https://framerusercontent.com/sites/5pnYXBbLKEPLW9G29DMwhJ/framer.awt7G_KF.mjs:83:6367)
    at Suspense
    at nu (https://framerusercontent.com/sites/5pnYXBbLKEPLW9G29DMwhJ/framer.awt7G_KF.mjs:49:73700)
    at Vw (https://framerusercontent.com/sites/5pnYXBbLKEPLW9G29DMwhJ/framer.awt7G_KF.mjs:921:31057)
    at af (https://framerusercontent.com/sites/5pnYXBbLKEPLW9G29DMwhJ/framer.awt7G_KF.mjs:52:18105)
    at li (https://framerusercontent.com/sites/5pnYXBbLKEPLW9G29DMwhJ/framer.awt7G_KF.mjs:49:6955)
    at https://framerusercontent.com/sites/5pnYXBbLKEPLW9G29DMwhJ/framer.awt7G_KF.mjs:928:2407
    at https://framerusercontent.com/sites/5pnYXBbLKEPLW9G29DMwhJ/framer.awt7G_KF.mjs:83:35130
    at Rt (https://framerusercontent.com/sites/5pnYXBbLKEPLW9G29DMwhJ/framer.awt7G_KF.mjs:3:3254)
    at qf (https://framerusercontent.com/sites/5pnYXBbLKEPLW9G29DMwhJ/framer.awt7G_KF.mjs:54:5233)
    at cf (https://framerusercontent.com/sites/5pnYXBbLKEPLW9G29DMwhJ/framer.awt7G_KF.mjs:52:18961)
    at jE (https://framerusercontent.com/sites/5pnYXBbLKEPLW9G29DMwhJ/framer.awt7G_KF.mjs:928:18033)
    at On (https://framerusercontent.com/sites/5pnYXBbLKEPLW9G29DMwhJ/framer.awt7G_KF.mjs:7:9178)
    at ia (https://framerusercontent.com/sites/5pnYXBbLKEPLW9G29DMwhJ/motion.eL-CBXa_.mjs:9:1423)
    at Qr (https://framerusercontent.com/sites/5pnYXBbLKEPLW9G29DMwhJ/framer.awt7G_KF.mjs:49:6251)
    at rp (https://framerusercontent.com/sites/5pnYXBbLKEPLW9G29DMwhJ/framer.awt7G_KF.mjs:54:11578)
    at TT (https://framerusercontent.com/sites/5pnYXBbLKEPLW9G29DMwhJ/framer.awt7G_KF.mjs:928:7599)
    at sr (https://framerusercontent.com/sites/5pnYXBbLKEPLW9G29DMwhJ/framer.awt7G_KF.mjs:7:14711) @ https://t.peec.ai/static/posthog-recorder.js?v=1.416.0:0
[     257ms] [WARNING] Caught a recoverable error. The site is still functional, but might have some UI flickering or degraded page load performance. If you are the author of this website, update external components and check recently added custom code or code overrides to fix the following server/client mismatches:
 Error: Minified React error #422; visit https://reactjs.org/docs/error-decoder.html?invariant=422 for the full message or use the non-minified dev environment for full errors and additional helpful warnings.
    at ns (https://framerusercontent.com/sites/5pnYXBbLKEPLW9G29DMwhJ/react.LucpZiGF.mjs:8:8255)
    at $o (https://framerusercontent.com/sites/5pnYXBbLKEPLW9G29DMwhJ/react.LucpZiGF.mjs:8:7196)
    at sp (https://framerusercontent.com/sites/5pnYXBbLKEPLW9G29DMwhJ/react.LucpZiGF.mjs:8:68461)
    at $s (https://framerusercontent.com/sites/5pnYXBbLKEPLW9G29DMwhJ/react.LucpZiGF.mjs:8:37073)
    at Qs (https://framerusercontent.com/sites/5pnYXBbLKEPLW9G29DMwhJ/react.LucpZiGF.mjs:8:37046)
    at Ls (https://framerusercontent.com/sites/5pnYXBbLKEPLW9G29DMwhJ/react.LucpZiGF.mjs:8:32130)
    at wt (https://framerusercontent.com/sites/5pnYXBbLKEPLW9G29DMwhJ/react.LucpZiGF.mjs:1:10651)
    at MessagePort.Et (https://framerusercontent.com/sites/5pnYXBbLKEPLW9G29DMwhJ/react.LucpZiGF.mjs:1:11006) null @ https://t.peec.ai/static/posthog-recorder.js?v=1.416.0:0
[     257ms] [WARNING] Caught a recoverable error. The site is still functional, but might have some UI flickering or degraded page load performance. If you are the author of this website, update external components and check recently added custom code or code overrides to fix the following server/client mismatches:
 Error: Minified React error #418; visit https://reactjs.org/docs/error-decoder.html?invariant=418 for the full message or use the non-minified dev environment for full errors and additional helpful warnings.
    at da (https://framerusercontent.com/sites/5pnYXBbLKEPLW9G29DMwhJ/react.LucpZiGF.mjs:6:4116)
    at sp (https://framerusercontent.com/sites/5pnYXBbLKEPLW9G29DMwhJ/react.LucpZiGF.mjs:8:68259)
    at $s (https://framerusercontent.com/sites/5pnYXBbLKEPLW9G29DMwhJ/react.LucpZiGF.mjs:8:37073)
    at Qs (https://framerusercontent.com/sites/5pnYXBbLKEPLW9G29DMwhJ/react.LucpZiGF.mjs:8:37046)
    at Ls (https://framerusercontent.com/sites/5pnYXBbLKEPLW9G29DMwhJ/react.LucpZiGF.mjs:8:32130)
    at wt (https://framerusercontent.com/sites/5pnYXBbLKEPLW9G29DMwhJ/react.LucpZiGF.mjs:1:10651)
    at MessagePort.Et (https://framerusercontent.com/sites/5pnYXBbLKEPLW9G29DMwhJ/react.LucpZiGF.mjs:1:11006) 
    at span
    at div
    at div
    at div
    at div
    at xe (https://framerusercontent.com/sites/5pnYXBbLKEPLW9G29DMwhJ/SyncBillingToggle.CaSFIKVy.mjs:1:6576)
    at https://framerusercontent.com/sites/5pnYXBbLKEPLW9G29DMwhJ/SyncBillingToggle.CaSFIKVy.mjs:16:13921
    at Kw (https://framerusercontent.com/sites/5pnYXBbLKEPLW9G29DMwhJ/framer.awt7G_KF.mjs:928:678)
    at Suspense
    at nu (https://framerusercontent.com/sites/5pnYXBbLKEPLW9G29DMwhJ/framer.awt7G_KF.mjs:49:73700)
    at cu (https://framerusercontent.com/sites/5pnYXBbLKEPLW9G29DMwhJ/framer.awt7G_KF.mjs:49:74364)
    at su (https://framerusercontent.com/sites/5pnYXBbLKEPLW9G29DMwhJ/framer.awt7G_KF.mjs:49:74226)
    at s (https://framerusercontent.com/sites/5pnYXBbLKEPLW9G29DMwhJ/framer.awt7G_KF.mjs:59:10242)
    at div
    at https://framerusercontent.com/sites/5pnYXBbLKEPLW9G29DMwhJ/framer.awt7G_KF.mjs:921:25580
    at https://framerusercontent.com/sites/5pnYXBbLKEPLW9G29DMwhJ/framer.awt7G_KF.mjs:83:35130
    at Kw (https://framerusercontent.com/sites/5pnYXBbLKEPLW9G29DMwhJ/framer.awt7G_KF.mjs:928:678)
    at Suspense
    at nu (https://framerusercontent.com/sites/5pnYXBbLKEPLW9G29DMwhJ/framer.awt7G_KF.mjs:49:73700)
    at cu (https://framerusercontent.com/sites/5pnYXBbLKEPLW9G29DMwhJ/framer.awt7G_KF.mjs:49:74364)
    at su (https://framerusercontent.com/sites/5pnYXBbLKEPLW9G29DMwhJ/framer.awt7G_KF.mjs:49:74226)
    at of (https://framerusercontent.com/sites/5pnYXBbLKEPLW9G29DMwhJ/motion.eL-CBXa_.mjs:9:71320)
    at Ja (https://framerusercontent.com/sites/5pnYXBbLKEPLW9G29DMwhJ/framer.awt7G_KF.mjs:49:26954)
    at div
    at s (https://framerusercontent.com/sites/5pnYXBbLKEPLW9G29DMwhJ/motion.eL-CBXa_.mjs:9:5742)
    at https://framerusercontent.com/sites/5pnYXBbLKEPLW9G29DMwhJ/framer.awt7G_KF.mjs:928:1367
    at https://framerusercontent.com/sites/5pnYXBbLKEPLW9G29DMwhJ/framer.awt7G_KF.mjs:921:30987
    at https://framerusercontent.com/sites/5pnYXBbLKEPLW9G29DMwhJ/framer.awt7G_KF.mjs:921:30800
    at div
    at div
    at div
    at div
    at div
    at div
    at div
    at s (https://framerusercontent.com/sites/5pnYXBbLKEPLW9G29DMwhJ/motion.eL-CBXa_.mjs:9:5742)
    at div
    at s (https://framerusercontent.com/sites/5pnYXBbLKEPLW9G29DMwhJ/motion.eL-CBXa_.mjs:9:5742)
    at of (https://framerusercontent.com/sites/5pnYXBbLKEPLW9G29DMwhJ/motion.eL-CBXa_.mjs:9:71320)
    at https://framerusercontent.com/sites/5pnYXBbLKEPLW9G29DMwhJ/NsKjUvTZeqrFvR5wi9mJBdJJm_6ukV79F1Lw0iZR7l0.WY3FAW_A.mjs:1:3435
    at https://framerusercontent.com/sites/5pnYXBbLKEPLW9G29DMwhJ/framer.awt7G_KF.mjs:83:35130
    at https://framerusercontent.com/sites/5pnYXBbLKEPLW9G29DMwhJ/framer.awt7G_KF.mjs:3:1056
    at div
    at s (https://framerusercontent.com/sites/5pnYXBbLKEPLW9G29DMwhJ/motion.eL-CBXa_.mjs:9:5742)
    at of (https://framerusercontent.com/sites/5pnYXBbLKEPLW9G29DMwhJ/motion.eL-CBXa_.mjs:9:71320)
    at https://framerusercontent.com/sites/5pnYXBbLKEPLW9G29DMwhJ/script_main.DGzOQ-qi.mjs:280:44037
    at https://framerusercontent.com/sites/5pnYXBbLKEPLW9G29DMwhJ/framer.awt7G_KF.mjs:83:35130
    at https://framerusercontent.com/sites/5pnYXBbLKEPLW9G29DMwhJ/framer.awt7G_KF.mjs:928:18264
    at Suspense
    at nu (https://framerusercontent.com/sites/5pnYXBbLKEPLW9G29DMwhJ/framer.awt7G_KF.mjs:49:73700)
    at _d (https://framerusercontent.com/sites/5pnYXBbLKEPLW9G29DMwhJ/framer.awt7G_KF.mjs:52:6443)
    at bl (https://framerusercontent.com/sites/5pnYXBbLKEPLW9G29DMwhJ/script_main.DGzOQ-qi.mjs:280:304920)
    at Jf (https://framerusercontent.com/sites/5pnYXBbLKEPLW9G29DMwhJ/framer.awt7G_KF.mjs:54:10416)
    at Vb (https://framerusercontent.com/sites/5pnYXBbLKEPLW9G29DMwhJ/framer.awt7G_KF.mjs:83:6367)
    at Suspense
    at nu (https://framerusercontent.com/sites/5pnYXBbLKEPLW9G29DMwhJ/framer.awt7G_KF.mjs:49:73700)
    at Vw (https://framerusercontent.com/sites/5pnYXBbLKEPLW9G29DMwhJ/framer.awt7G_KF.mjs:921:31057)
    at af (https://framerusercontent.com/sites/5pnYXBbLKEPLW9G29DMwhJ/framer.awt7G_KF.mjs:52:18105)
    at li (https://framerusercontent.com/sites/5pnYXBbLKEPLW9G29DMwhJ/framer.awt7G_KF.mjs:49:6955)
    at https://framerusercontent.com/sites/5pnYXBbLKEPLW9G29DMwhJ/framer.awt7G_KF.mjs:928:2407
    at https://framerusercontent.com/sites/5pnYXBbLKEPLW9G29DMwhJ/framer.awt7G_KF.mjs:83:35130
    at Rt (https://framerusercontent.com/sites/5pnYXBbLKEPLW9G29DMwhJ/framer.awt7G_KF.mjs:3:3254)
    at qf (https://framerusercontent.com/sites/5pnYXBbLKEPLW9G29DMwhJ/framer.awt7G_KF.mjs:54:5233)
    at cf (https://framerusercontent.com/sites/5pnYXBbLKEPLW9G29DMwhJ/framer.awt7G_KF.mjs:52:18961)
    at jE (https://framerusercontent.com/sites/5pnYXBbLKEPLW9G29DMwhJ/framer.awt7G_KF.mjs:928:18033)
    at On (https://framerusercontent.com/sites/5pnYXBbLKEPLW9G29DMwhJ/framer.awt7G_KF.mjs:7:9178)
    at ia (https://framerusercontent.com/sites/5pnYXBbLKEPLW9G29DMwhJ/motion.eL-CBXa_.mjs:9:1423)
    at Qr (https://framerusercontent.com/sites/5pnYXBbLKEPLW9G29DMwhJ/framer.awt7G_KF.mjs:49:6251)
    at rp (https://framerusercontent.com/sites/5pnYXBbLKEPLW9G29DMwhJ/framer.awt7G_KF.mjs:54:11578)
    at TT (https://framerusercontent.com/sites/5pnYXBbLKEPLW9G29DMwhJ/framer.awt7G_KF.mjs:928:7599)
    at sr (https://framerusercontent.com/sites/5pnYXBbLKEPLW9G29DMwhJ/framer.awt7G_KF.mjs:7:14711) @ https://t.peec.ai/static/posthog-recorder.js?v=1.416.0:0
[     257ms] [WARNING] Caught a recoverable error. The site is still functional, but might have some UI flickering or degraded page load performance. If you are the author of this website, update external components and check recently added custom code or code overrides to fix the following server/client mismatches:
 Error: Minified React error #418; visit https://reactjs.org/docs/error-decoder.html?invariant=418 for the full message or use the non-minified dev environment for full errors and additional helpful warnings.
    at da (https://framerusercontent.com/sites/5pnYXBbLKEPLW9G29DMwhJ/react.LucpZiGF.mjs:6:4116)
    at sp (https://framerusercontent.com/sites/5pnYXBbLKEPLW9G29DMwhJ/react.LucpZiGF.mjs:8:68259)
    at $s (https://framerusercontent.com/sites/5pnYXBbLKEPLW9G29DMwhJ/react.LucpZiGF.mjs:8:37073)
    at Qs (https://framerusercontent.com/sites/5pnYXBbLKEPLW9G29DMwhJ/react.LucpZiGF.mjs:8:37046)
    at Ls (https://framerusercontent.com/sites/5pnYXBbLKEPLW9G29DMwhJ/react.LucpZiGF.mjs:8:32130)
    at wt (https://framerusercontent.com/sites/5pnYXBbLKEPLW9G29DMwhJ/react.LucpZiGF.mjs:1:10651)
    at MessagePort.Et (https://framerusercontent.com/sites/5pnYXBbLKEPLW9G29DMwhJ/react.LucpZiGF.mjs:1:11006) 
    at span
    at div
    at div
    at div
    at div
    at xe (https://framerusercontent.com/sites/5pnYXBbLKEPLW9G29DMwhJ/SyncBillingToggle.CaSFIKVy.mjs:1:6576)
    at https://framerusercontent.com/sites/5pnYXBbLKEPLW9G29DMwhJ/SyncBillingToggle.CaSFIKVy.mjs:16:13921
    at Kw (https://framerusercontent.com/sites/5pnYXBbLKEPLW9G29DMwhJ/framer.awt7G_KF.mjs:928:678)
    at Suspense
    at nu (https://framerusercontent.com/sites/5pnYXBbLKEPLW9G29DMwhJ/framer.awt7G_KF.mjs:49:73700)
    at cu (https://framerusercontent.com/sites/5pnYXBbLKEPLW9G29DMwhJ/framer.awt7G_KF.mjs:49:74364)
    at su (https://framerusercontent.com/sites/5pnYXBbLKEPLW9G29DMwhJ/framer.awt7G_KF.mjs:49:74226)
    at s (https://framerusercontent.com/sites/5pnYXBbLKEPLW9G29DMwhJ/framer.awt7G_KF.mjs:59:10242)
    at div
    at https://framerusercontent.com/sites/5pnYXBbLKEPLW9G29DMwhJ/framer.awt7G_KF.mjs:921:25580
    at https://framerusercontent.com/sites/5pnYXBbLKEPLW9G29DMwhJ/framer.awt7G_KF.mjs:83:35130
    at Kw (https://framerusercontent.com/sites/5pnYXBbLKEPLW9G29DMwhJ/framer.awt7G_KF.mjs:928:678)
    at Suspense
    at nu (https://framerusercontent.com/sites/5pnYXBbLKEPLW9G29DMwhJ/framer.awt7G_KF.mjs:49:73700)
    at cu (https://framerusercontent.com/sites/5pnYXBbLKEPLW9G29DMwhJ/framer.awt7G_KF.mjs:49:74364)
    at su (https://framerusercontent.com/sites/5pnYXBbLKEPLW9G29DMwhJ/framer.awt7G_KF.mjs:49:74226)
    at of (https://framerusercontent.com/sites/5pnYXBbLKEPLW9G29DMwhJ/motion.eL-CBXa_.mjs:9:71320)
    at Ja (https://framerusercontent.com/sites/5pnYXBbLKEPLW9G29DMwhJ/framer.awt7G_KF.mjs:49:26954)
    at div
    at s (https://framerusercontent.com/sites/5pnYXBbLKEPLW9G29DMwhJ/motion.eL-CBXa_.mjs:9:5742)
    at https://framerusercontent.com/sites/5pnYXBbLKEPLW9G29DMwhJ/framer.awt7G_KF.mjs:928:1367
    at https://framerusercontent.com/sites/5pnYXBbLKEPLW9G29DMwhJ/framer.awt7G_KF.mjs:921:30987
    at https://framerusercontent.com/sites/5pnYXBbLKEPLW9G29DMwhJ/framer.awt7G_KF.mjs:921:30800
    at div
    at div
    at div
    at div
    at div
    at div
    at div
    at s (https://framerusercontent.com/sites/5pnYXBbLKEPLW9G29DMwhJ/motion.eL-CBXa_.mjs:9:5742)
    at div
    at s (https://framerusercontent.com/sites/5pnYXBbLKEPLW9G29DMwhJ/motion.eL-CBXa_.mjs:9:5742)
    at of (https://framerusercontent.com/sites/5pnYXBbLKEPLW9G29DMwhJ/motion.eL-CBXa_.mjs:9:71320)
    at https://framerusercontent.com/sites/5pnYXBbLKEPLW9G29DMwhJ/NsKjUvTZeqrFvR5wi9mJBdJJm_6ukV79F1Lw0iZR7l0.WY3FAW_A.mjs:1:3435
    at https://framerusercontent.com/sites/5pnYXBbLKEPLW9G29DMwhJ/framer.awt7G_KF.mjs:83:35130
    at https://framerusercontent.com/sites/5pnYXBbLKEPLW9G29DMwhJ/framer.awt7G_KF.mjs:3:1056
    at div
    at s (https://framerusercontent.com/sites/5pnYXBbLKEPLW9G29DMwhJ/motion.eL-CBXa_.mjs:9:5742)
    at of (https://framerusercontent.com/sites/5pnYXBbLKEPLW9G29DMwhJ/motion.eL-CBXa_.mjs:9:71320)
    at https://framerusercontent.com/sites/5pnYXBbLKEPLW9G29DMwhJ/script_main.DGzOQ-qi.mjs:280:44037
    at https://framerusercontent.com/sites/5pnYXBbLKEPLW9G29DMwhJ/framer.awt7G_KF.mjs:83:35130
    at https://framerusercontent.com/sites/5pnYXBbLKEPLW9G29DMwhJ/framer.awt7G_KF.mjs:928:18264
    at Suspense
    at nu (https://framerusercontent.com/sites/5pnYXBbLKEPLW9G29DMwhJ/framer.awt7G_KF.mjs:49:73700)
    at _d (https://framerusercontent.com/sites/5pnYXBbLKEPLW9G29DMwhJ/framer.awt7G_KF.mjs:52:6443)
    at bl (https://framerusercontent.com/sites/5pnYXBbLKEPLW9G29DMwhJ/script_main.DGzOQ-qi.mjs:280:304920)
    at Jf (https://framerusercontent.com/sites/5pnYXBbLKEPLW9G29DMwhJ/framer.awt7G_KF.mjs:54:10416)
    at Vb (https://framerusercontent.com/sites/5pnYXBbLKEPLW9G29DMwhJ/framer.awt7G_KF.mjs:83:6367)
    at Suspense
    at nu (https://framerusercontent.com/sites/5pnYXBbLKEPLW9G29DMwhJ/framer.awt7G_KF.mjs:49:73700)
    at Vw (https://framerusercontent.com/sites/5pnYXBbLKEPLW9G29DMwhJ/framer.awt7G_KF.mjs:921:31057)
    at af (https://framerusercontent.com/sites/5pnYXBbLKEPLW9G29DMwhJ/framer.awt7G_KF.mjs:52:18105)
    at li (https://framerusercontent.com/sites/5pnYXBbLKEPLW9G29DMwhJ/framer.awt7G_KF.mjs:49:6955)
    at https://framerusercontent.com/sites/5pnYXBbLKEPLW9G29DMwhJ/framer.awt7G_KF.mjs:928:2407
    at https://framerusercontent.com/sites/5pnYXBbLKEPLW9G29DMwhJ/framer.awt7G_KF.mjs:83:35130
    at Rt (https://framerusercontent.com/sites/5pnYXBbLKEPLW9G29DMwhJ/framer.awt7G_KF.mjs:3:3254)
    at qf (https://framerusercontent.com/sites/5pnYXBbLKEPLW9G29DMwhJ/framer.awt7G_KF.mjs:54:5233)
    at cf (https://framerusercontent.com/sites/5pnYXBbLKEPLW9G29DMwhJ/framer.awt7G_KF.mjs:52:18961)
    at jE (https://framerusercontent.com/sites/5pnYXBbLKEPLW9G29DMwhJ/framer.awt7G_KF.mjs:928:18033)
    at On (https://framerusercontent.com/sites/5pnYXBbLKEPLW9G29DMwhJ/framer.awt7G_KF.mjs:7:9178)
    at ia (https://framerusercontent.com/sites/5pnYXBbLKEPLW9G29DMwhJ/motion.eL-CBXa_.mjs:9:1423)
    at Qr (https://framerusercontent.com/sites/5pnYXBbLKEPLW9G29DMwhJ/framer.awt7G_KF.mjs:49:6251)
    at rp (https://framerusercontent.com/sites/5pnYXBbLKEPLW9G29DMwhJ/framer.awt7G_KF.mjs:54:11578)
    at TT (https://framerusercontent.com/sites/5pnYXBbLKEPLW9G29DMwhJ/framer.awt7G_KF.mjs:928:7599)
    at sr (https://framerusercontent.com/sites/5pnYXBbLKEPLW9G29DMwhJ/framer.awt7G_KF.mjs:7:14711) @ https://t.peec.ai/static/posthog-recorder.js?v=1.416.0:0
[     257ms] [WARNING] Caught a recoverable error. The site is still functional, but might have some UI flickering or degraded page load performance. If you are the author of this website, update external components and check recently added custom code or code overrides to fix the following server/client mismatches:
 Error: Minified React error #418; visit https://reactjs.org/docs/error-decoder.html?invariant=418 for the full message or use the non-minified dev environment for full errors and additional helpful warnings.
    at da (https://framerusercontent.com/sites/5pnYXBbLKEPLW9G29DMwhJ/react.LucpZiGF.mjs:6:4235)
    at sp (https://framerusercontent.com/sites/5pnYXBbLKEPLW9G29DMwhJ/react.LucpZiGF.mjs:8:68259)
    at $s (https://framerusercontent.com/sites/5pnYXBbLKEPLW9G29DMwhJ/react.LucpZiGF.mjs:8:37073)
    at Qs (https://framerusercontent.com/sites/5pnYXBbLKEPLW9G29DMwhJ/react.LucpZiGF.mjs:8:37046)
    at Ls (https://framerusercontent.com/sites/5pnYXBbLKEPLW9G29DMwhJ/react.LucpZiGF.mjs:8:32130)
    at wt (https://framerusercontent.com/sites/5pnYXBbLKEPLW9G29DMwhJ/react.LucpZiGF.mjs:1:10651)
    at MessagePort.Et (https://framerusercontent.com/sites/5pnYXBbLKEPLW9G29DMwhJ/react.LucpZiGF.mjs:1:11006) 
    at div
    at div
    at div
    at div
    at div
    at xe (https://framerusercontent.com/sites/5pnYXBbLKEPLW9G29DMwhJ/SyncBillingToggle.CaSFIKVy.mjs:1:6576)
    at https://framerusercontent.com/sites/5pnYXBbLKEPLW9G29DMwhJ/SyncBillingToggle.CaSFIKVy.mjs:16:13921
    at Kw (https://framerusercontent.com/sites/5pnYXBbLKEPLW9G29DMwhJ/framer.awt7G_KF.mjs:928:678)
    at Suspense
    at nu (https://framerusercontent.com/sites/5pnYXBbLKEPLW9G29DMwhJ/framer.awt7G_KF.mjs:49:73700)
    at cu (https://framerusercontent.com/sites/5pnYXBbLKEPLW9G29DMwhJ/framer.awt7G_KF.mjs:49:74364)
    at su (https://framerusercontent.com/sites/5pnYXBbLKEPLW9G29DMwhJ/framer.awt7G_KF.mjs:49:74226)
    at s (https://framerusercontent.com/sites/5pnYXBbLKEPLW9G29DMwhJ/framer.awt7G_KF.mjs:59:10242)
    at div
    at https://framerusercontent.com/sites/5pnYXBbLKEPLW9G29DMwhJ/framer.awt7G_KF.mjs:921:25580
    at https://framerusercontent.com/sites/5pnYXBbLKEPLW9G29DMwhJ/framer.awt7G_KF.mjs:83:35130
    at Kw (https://framerusercontent.com/sites/5pnYXBbLKEPLW9G29DMwhJ/framer.awt7G_KF.mjs:928:678)
    at Suspense
    at nu (https://framerusercontent.com/sites/5pnYXBbLKEPLW9G29DMwhJ/framer.awt7G_KF.mjs:49:73700)
    at cu (https://framerusercontent.com/sites/5pnYXBbLKEPLW9G29DMwhJ/framer.awt7G_KF.mjs:49:74364)
    at su (https://framerusercontent.com/sites/5pnYXBbLKEPLW9G29DMwhJ/framer.awt7G_KF.mjs:49:74226)
    at of (https://framerusercontent.com/sites/5pnYXBbLKEPLW9G29DMwhJ/motion.eL-CBXa_.mjs:9:71320)
    at Ja (https://framerusercontent.com/sites/5pnYXBbLKEPLW9G29DMwhJ/framer.awt7G_KF.mjs:49:26954)
    at div
    at s (https://framerusercontent.com/sites/5pnYXBbLKEPLW9G29DMwhJ/motion.eL-CBXa_.mjs:9:5742)
    at https://framerusercontent.com/sites/5pnYXBbLKEPLW9G29DMwhJ/framer.awt7G_KF.mjs:928:1367
    at https://framerusercontent.com/sites/5pnYXBbLKEPLW9G29DMwhJ/framer.awt7G_KF.mjs:921:30987
    at https://framerusercontent.com/sites/5pnYXBbLKEPLW9G29DMwhJ/framer.awt7G_KF.mjs:921:30800
    at div
    at div
    at div
    at div
    at div
    at div
    at div
    at s (https://framerusercontent.com/sites/5pnYXBbLKEPLW9G29DMwhJ/motion.eL-CBXa_.mjs:9:5742)
    at div
    at s (https://framerusercontent.com/sites/5pnYXBbLKEPLW9G29DMwhJ/motion.eL-CBXa_.mjs:9:5742)
    at of (https://framerusercontent.com/sites/5pnYXBbLKEPLW9G29DMwhJ/motion.eL-CBXa_.mjs:9:71320)
    at https://framerusercontent.com/sites/5pnYXBbLKEPLW9G29DMwhJ/NsKjUvTZeqrFvR5wi9mJBdJJm_6ukV79F1Lw0iZR7l0.WY3FAW_A.mjs:1:3435
    at https://framerusercontent.com/sites/5pnYXBbLKEPLW9G29DMwhJ/framer.awt7G_KF.mjs:83:35130
    at https://framerusercontent.com/sites/5pnYXBbLKEPLW9G29DMwhJ/framer.awt7G_KF.mjs:3:1056
    at div
    at s (https://framerusercontent.com/sites/5pnYXBbLKEPLW9G29DMwhJ/motion.eL-CBXa_.mjs:9:5742)
    at of (https://framerusercontent.com/sites/5pnYXBbLKEPLW9G29DMwhJ/motion.eL-CBXa_.mjs:9:71320)
    at https://framerusercontent.com/sites/5pnYXBbLKEPLW9G29DMwhJ/script_main.DGzOQ-qi.mjs:280:44037
    at https://framerusercontent.com/sites/5pnYXBbLKEPLW9G29DMwhJ/framer.awt7G_KF.mjs:83:35130
    at https://framerusercontent.com/sites/5pnYXBbLKEPLW9G29DMwhJ/framer.awt7G_KF.mjs:928:18264
    at Suspense
    at nu (https://framerusercontent.com/sites/5pnYXBbLKEPLW9G29DMwhJ/framer.awt7G_KF.mjs:49:73700)
    at _d (https://framerusercontent.com/sites/5pnYXBbLKEPLW9G29DMwhJ/framer.awt7G_KF.mjs:52:6443)
    at bl (https://framerusercontent.com/sites/5pnYXBbLKEPLW9G29DMwhJ/script_main.DGzOQ-qi.mjs:280:304920)
    at Jf (https://framerusercontent.com/sites/5pnYXBbLKEPLW9G29DMwhJ/framer.awt7G_KF.mjs:54:10416)
    at Vb (https://framerusercontent.com/sites/5pnYXBbLKEPLW9G29DMwhJ/framer.awt7G_KF.mjs:83:6367)
    at Suspense
    at nu (https://framerusercontent.com/sites/5pnYXBbLKEPLW9G29DMwhJ/framer.awt7G_KF.mjs:49:73700)
    at Vw (https://framerusercontent.com/sites/5pnYXBbLKEPLW9G29DMwhJ/framer.awt7G_KF.mjs:921:31057)
    at af (https://framerusercontent.com/sites/5pnYXBbLKEPLW9G29DMwhJ/framer.awt7G_KF.mjs:52:18105)
    at li (https://framerusercontent.com/sites/5pnYXBbLKEPLW9G29DMwhJ/framer.awt7G_KF.mjs:49:6955)
    at https://framerusercontent.com/sites/5pnYXBbLKEPLW9G29DMwhJ/framer.awt7G_KF.mjs:928:2407
    at https://framerusercontent.com/sites/5pnYXBbLKEPLW9G29DMwhJ/framer.awt7G_KF.mjs:83:35130
    at Rt (https://framerusercontent.com/sites/5pnYXBbLKEPLW9G29DMwhJ/framer.awt7G_KF.mjs:3:3254)
    at qf (https://framerusercontent.com/sites/5pnYXBbLKEPLW9G29DMwhJ/framer.awt7G_KF.mjs:54:5233)
    at cf (https://framerusercontent.com/sites/5pnYXBbLKEPLW9G29DMwhJ/framer.awt7G_KF.mjs:52:18961)
    at jE (https://framerusercontent.com/sites/5pnYXBbLKEPLW9G29DMwhJ/framer.awt7G_KF.mjs:928:18033)
    at On (https://framerusercontent.com/sites/5pnYXBbLKEPLW9G29DMwhJ/framer.awt7G_KF.mjs:7:9178)
    at ia (https://framerusercontent.com/sites/5pnYXBbLKEPLW9G29DMwhJ/motion.eL-CBXa_.mjs:9:1423)
    at Qr (https://framerusercontent.com/sites/5pnYXBbLKEPLW9G29DMwhJ/framer.awt7G_KF.mjs:49:6251)
    at rp (https://framerusercontent.com/sites/5pnYXBbLKEPLW9G29DMwhJ/framer.awt7G_KF.mjs:54:11578)
    at TT (https://framerusercontent.com/sites/5pnYXBbLKEPLW9G29DMwhJ/framer.awt7G_KF.mjs:928:7599)
    at sr (https://framerusercontent.com/sites/5pnYXBbLKEPLW9G29DMwhJ/framer.awt7G_KF.mjs:7:14711) @ https://t.peec.ai/static/posthog-recorder.js?v=1.416.0:0
[     258ms] [WARNING] Caught a recoverable error. The site is still functional, but might have some UI flickering or degraded page load performance. If you are the author of this website, update external components and check recently added custom code or code overrides to fix the following server/client mismatches:
 Error: Minified React error #418; visit https://reactjs.org/docs/error-decoder.html?invariant=418 for the full message or use the non-minified dev environment for full errors and additional helpful warnings.
    at da (https://framerusercontent.com/sites/5pnYXBbLKEPLW9G29DMwhJ/react.LucpZiGF.mjs:6:4235)
    at sp (https://framerusercontent.com/sites/5pnYXBbLKEPLW9G29DMwhJ/react.LucpZiGF.mjs:8:68259)
    at $s (https://framerusercontent.com/sites/5pnYXBbLKEPLW9G29DMwhJ/react.LucpZiGF.mjs:8:37073)
    at Qs (https://framerusercontent.com/sites/5pnYXBbLKEPLW9G29DMwhJ/react.LucpZiGF.mjs:8:37046)
    at Ls (https://framerusercontent.com/sites/5pnYXBbLKEPLW9G29DMwhJ/react.LucpZiGF.mjs:8:32130)
    at wt (https://framerusercontent.com/sites/5pnYXBbLKEPLW9G29DMwhJ/react.LucpZiGF.mjs:1:10651)
    at MessagePort.Et (https://framerusercontent.com/sites/5pnYXBbLKEPLW9G29DMwhJ/react.LucpZiGF.mjs:1:11006) 
    at span
    at div
    at div
    at div
    at div
    at xe (https://framerusercontent.com/sites/5pnYXBbLKEPLW9G29DMwhJ/SyncBillingToggle.CaSFIKVy.mjs:1:6576)
    at https://framerusercontent.com/sites/5pnYXBbLKEPLW9G29DMwhJ/SyncBillingToggle.CaSFIKVy.mjs:16:13921
    at Kw (https://framerusercontent.com/sites/5pnYXBbLKEPLW9G29DMwhJ/framer.awt7G_KF.mjs:928:678)
    at Suspense
    at nu (https://framerusercontent.com/sites/5pnYXBbLKEPLW9G29DMwhJ/framer.awt7G_KF.mjs:49:73700)
    at cu (https://framerusercontent.com/sites/5pnYXBbLKEPLW9G29DMwhJ/framer.awt7G_KF.mjs:49:74364)
    at su (https://framerusercontent.com/sites/5pnYXBbLKEPLW9G29DMwhJ/framer.awt7G_KF.mjs:49:74226)
    at s (https://framerusercontent.com/sites/5pnYXBbLKEPLW9G29DMwhJ/framer.awt7G_KF.mjs:59:10242)
    at div
    at https://framerusercontent.com/sites/5pnYXBbLKEPLW9G29DMwhJ/framer.awt7G_KF.mjs:921:25580
    at https://framerusercontent.com/sites/5pnYXBbLKEPLW9G29DMwhJ/framer.awt7G_KF.mjs:83:35130
    at Kw (https://framerusercontent.com/sites/5pnYXBbLKEPLW9G29DMwhJ/framer.awt7G_KF.mjs:928:678)
    at Suspense
    at nu (https://framerusercontent.com/sites/5pnYXBbLKEPLW9G29DMwhJ/framer.awt7G_KF.mjs:49:73700)
    at cu (https://framerusercontent.com/sites/5pnYXBbLKEPLW9G29DMwhJ/framer.awt7G_KF.mjs:49:74364)
    at su (https://framerusercontent.com/sites/5pnYXBbLKEPLW9G29DMwhJ/framer.awt7G_KF.mjs:49:74226)
    at of (https://framerusercontent.com/sites/5pnYXBbLKEPLW9G29DMwhJ/motion.eL-CBXa_.mjs:9:71320)
    at Ja (https://framerusercontent.com/sites/5pnYXBbLKEPLW9G29DMwhJ/framer.awt7G_KF.mjs:49:26954)
    at div
    at s (https://framerusercontent.com/sites/5pnYXBbLKEPLW9G29DMwhJ/motion.eL-CBXa_.mjs:9:5742)
    at https://framerusercontent.com/sites/5pnYXBbLKEPLW9G29DMwhJ/framer.awt7G_KF.mjs:928:1367
    at https://framerusercontent.com/sites/5pnYXBbLKEPLW9G29DMwhJ/framer.awt7G_KF.mjs:921:30987
    at https://framerusercontent.com/sites/5pnYXBbLKEPLW9G29DMwhJ/framer.awt7G_KF.mjs:921:30800
    at div
    at div
    at div
    at div
    at div
    at div
    at div
    at s (https://framerusercontent.com/sites/5pnYXBbLKEPLW9G29DMwhJ/motion.eL-CBXa_.mjs:9:5742)
    at div
    at s (https://framerusercontent.com/sites/5pnYXBbLKEPLW9G29DMwhJ/motion.eL-CBXa_.mjs:9:5742)
    at of (https://framerusercontent.com/sites/5pnYXBbLKEPLW9G29DMwhJ/motion.eL-CBXa_.mjs:9:71320)
    at https://framerusercontent.com/sites/5pnYXBbLKEPLW9G29DMwhJ/NsKjUvTZeqrFvR5wi9mJBdJJm_6ukV79F1Lw0iZR7l0.WY3FAW_A.mjs:1:3435
    at https://framerusercontent.com/sites/5pnYXBbLKEPLW9G29DMwhJ/framer.awt7G_KF.mjs:83:35130
    at https://framerusercontent.com/sites/5pnYXBbLKEPLW9G29DMwhJ/framer.awt7G_KF.mjs:3:1056
    at div
    at s (https://framerusercontent.com/sites/5pnYXBbLKEPLW9G29DMwhJ/motion.eL-CBXa_.mjs:9:5742)
    at of (https://framerusercontent.com/sites/5pnYXBbLKEPLW9G29DMwhJ/motion.eL-CBXa_.mjs:9:71320)
    at https://framerusercontent.com/sites/5pnYXBbLKEPLW9G29DMwhJ/script_main.DGzOQ-qi.mjs:280:44037
    at https://framerusercontent.com/sites/5pnYXBbLKEPLW9G29DMwhJ/framer.awt7G_KF.mjs:83:35130
    at https://framerusercontent.com/sites/5pnYXBbLKEPLW9G29DMwhJ/framer.awt7G_KF.mjs:928:18264
    at Suspense
    at nu (https://framerusercontent.com/sites/5pnYXBbLKEPLW9G29DMwhJ/framer.awt7G_KF.mjs:49:73700)
    at _d (https://framerusercontent.com/sites/5pnYXBbLKEPLW9G29DMwhJ/framer.awt7G_KF.mjs:52:6443)
    at bl (https://framerusercontent.com/sites/5pnYXBbLKEPLW9G29DMwhJ/script_main.DGzOQ-qi.mjs:280:304920)
    at Jf (https://framerusercontent.com/sites/5pnYXBbLKEPLW9G29DMwhJ/framer.awt7G_KF.mjs:54:10416)
    at Vb (https://framerusercontent.com/sites/5pnYXBbLKEPLW9G29DMwhJ/framer.awt7G_KF.mjs:83:6367)
    at Suspense
    at nu (https://framerusercontent.com/sites/5pnYXBbLKEPLW9G29DMwhJ/framer.awt7G_KF.mjs:49:73700)
    at Vw (https://framerusercontent.com/sites/5pnYXBbLKEPLW9G29DMwhJ/framer.awt7G_KF.mjs:921:31057)
    at af (https://framerusercontent.com/sites/5pnYXBbLKEPLW9G29DMwhJ/framer.awt7G_KF.mjs:52:18105)
    at li (https://framerusercontent.com/sites/5pnYXBbLKEPLW9G29DMwhJ/framer.awt7G_KF.mjs:49:6955)
    at https://framerusercontent.com/sites/5pnYXBbLKEPLW9G29DMwhJ/framer.awt7G_KF.mjs:928:2407
    at https://framerusercontent.com/sites/5pnYXBbLKEPLW9G29DMwhJ/framer.awt7G_KF.mjs:83:35130
    at Rt (https://framerusercontent.com/sites/5pnYXBbLKEPLW9G29DMwhJ/framer.awt7G_KF.mjs:3:3254)
    at qf (https://framerusercontent.com/sites/5pnYXBbLKEPLW9G29DMwhJ/framer.awt7G_KF.mjs:54:5233)
    at cf (https://framerusercontent.com/sites/5pnYXBbLKEPLW9G29DMwhJ/framer.awt7G_KF.mjs:52:18961)
    at jE (https://framerusercontent.com/sites/5pnYXBbLKEPLW9G29DMwhJ/framer.awt7G_KF.mjs:928:18033)
    at On (https://framerusercontent.com/sites/5pnYXBbLKEPLW9G29DMwhJ/framer.awt7G_KF.mjs:7:9178)
    at ia (https://framerusercontent.com/sites/5pnYXBbLKEPLW9G29DMwhJ/motion.eL-CBXa_.mjs:9:1423)
    at Qr (https://framerusercontent.com/sites/5pnYXBbLKEPLW9G29DMwhJ/framer.awt7G_KF.mjs:49:6251)
    at rp (https://framerusercontent.com/sites/5pnYXBbLKEPLW9G29DMwhJ/framer.awt7G_KF.mjs:54:11578)
    at TT (https://framerusercontent.com/sites/5pnYXBbLKEPLW9G29DMwhJ/framer.awt7G_KF.mjs:928:7599)
    at sr (https://framerusercontent.com/sites/5pnYXBbLKEPLW9G29DMwhJ/framer.awt7G_KF.mjs:7:14711) @ https://t.peec.ai/static/posthog-recorder.js?v=1.416.0:0
[     258ms] [WARNING] Caught a recoverable error. The site is still functional, but might have some UI flickering or degraded page load performance. If you are the author of this website, update external components and check recently added custom code or code overrides to fix the following server/client mismatches:
 Error: Minified React error #418; visit https://reactjs.org/docs/error-decoder.html?invariant=418 for the full message or use the non-minified dev environment for full errors and additional helpful warnings.
    at da (https://framerusercontent.com/sites/5pnYXBbLKEPLW9G29DMwhJ/react.LucpZiGF.mjs:6:4235)
    at sp (https://framerusercontent.com/sites/5pnYXBbLKEPLW9G29DMwhJ/react.LucpZiGF.mjs:8:68259)
    at $s (https://framerusercontent.com/sites/5pnYXBbLKEPLW9G29DMwhJ/react.LucpZiGF.mjs:8:37073)
    at Qs (https://framerusercontent.com/sites/5pnYXBbLKEPLW9G29DMwhJ/react.LucpZiGF.mjs:8:37046)
    at Ls (https://framerusercontent.com/sites/5pnYXBbLKEPLW9G29DMwhJ/react.LucpZiGF.mjs:8:32130)
    at wt (https://framerusercontent.com/sites/5pnYXBbLKEPLW9G29DMwhJ/react.LucpZiGF.mjs:1:10651)
    at MessagePort.Et (https://framerusercontent.com/sites/5pnYXBbLKEPLW9G29DMwhJ/react.LucpZiGF.mjs:1:11006) 
    at svg
    at div
    at div
    at div
    at div
    at xe (https://framerusercontent.com/sites/5pnYXBbLKEPLW9G29DMwhJ/SyncBillingToggle.CaSFIKVy.mjs:1:6576)
    at https://framerusercontent.com/sites/5pnYXBbLKEPLW9G29DMwhJ/SyncBillingToggle.CaSFIKVy.mjs:16:13921
    at Kw (https://framerusercontent.com/sites/5pnYXBbLKEPLW9G29DMwhJ/framer.awt7G_KF.mjs:928:678)
    at Suspense
    at nu (https://framerusercontent.com/sites/5pnYXBbLKEPLW9G29DMwhJ/framer.awt7G_KF.mjs:49:73700)
    at cu (https://framerusercontent.com/sites/5pnYXBbLKEPLW9G29DMwhJ/framer.awt7G_KF.mjs:49:74364)
    at su (https://framerusercontent.com/sites/5pnYXBbLKEPLW9G29DMwhJ/framer.awt7G_KF.mjs:49:74226)
    at s (https://framerusercontent.com/sites/5pnYXBbLKEPLW9G29DMwhJ/framer.awt7G_KF.mjs:59:10242)
    at div
    at https://framerusercontent.com/sites/5pnYXBbLKEPLW9G29DMwhJ/framer.awt7G_KF.mjs:921:25580
    at https://framerusercontent.com/sites/5pnYXBbLKEPLW9G29DMwhJ/framer.awt7G_KF.mjs:83:35130
    at Kw (https://framerusercontent.com/sites/5pnYXBbLKEPLW9G29DMwhJ/framer.awt7G_KF.mjs:928:678)
    at Suspense
    at nu (https://framerusercontent.com/sites/5pnYXBbLKEPLW9G29DMwhJ/framer.awt7G_KF.mjs:49:73700)
    at cu (https://framerusercontent.com/sites/5pnYXBbLKEPLW9G29DMwhJ/framer.awt7G_KF.mjs:49:74364)
    at su (https://framerusercontent.com/sites/5pnYXBbLKEPLW9G29DMwhJ/framer.awt7G_KF.mjs:49:74226)
    at of (https://framerusercontent.com/sites/5pnYXBbLKEPLW9G29DMwhJ/motion.eL-CBXa_.mjs:9:71320)
    at Ja (https://framerusercontent.com/sites/5pnYXBbLKEPLW9G29DMwhJ/framer.awt7G_KF.mjs:49:26954)
    at div
    at s (https://framerusercontent.com/sites/5pnYXBbLKEPLW9G29DMwhJ/motion.eL-CBXa_.mjs:9:5742)
    at https://framerusercontent.com/sites/5pnYXBbLKEPLW9G29DMwhJ/framer.awt7G_KF.mjs:928:1367
    at https://framerusercontent.com/sites/5pnYXBbLKEPLW9G29DMwhJ/framer.awt7G_KF.mjs:921:30987
    at https://framerusercontent.com/sites/5pnYXBbLKEPLW9G29DMwhJ/framer.awt7G_KF.mjs:921:30800
    at div
    at div
    at div
    at div
    at div
    at div
    at div
    at s (https://framerusercontent.com/sites/5pnYXBbLKEPLW9G29DMwhJ/motion.eL-CBXa_.mjs:9:5742)
    at div
    at s (https://framerusercontent.com/sites/5pnYXBbLKEPLW9G29DMwhJ/motion.eL-CBXa_.mjs:9:5742)
    at of (https://framerusercontent.com/sites/5pnYXBbLKEPLW9G29DMwhJ/motion.eL-CBXa_.mjs:9:71320)
    at https://framerusercontent.com/sites/5pnYXBbLKEPLW9G29DMwhJ/NsKjUvTZeqrFvR5wi9mJBdJJm_6ukV79F1Lw0iZR7l0.WY3FAW_A.mjs:1:3435
    at https://framerusercontent.com/sites/5pnYXBbLKEPLW9G29DMwhJ/framer.awt7G_KF.mjs:83:35130
    at https://framerusercontent.com/sites/5pnYXBbLKEPLW9G29DMwhJ/framer.awt7G_KF.mjs:3:1056
    at div
    at s (https://framerusercontent.com/sites/5pnYXBbLKEPLW9G29DMwhJ/motion.eL-CBXa_.mjs:9:5742)
    at of (https://framerusercontent.com/sites/5pnYXBbLKEPLW9G29DMwhJ/motion.eL-CBXa_.mjs:9:71320)
    at https://framerusercontent.com/sites/5pnYXBbLKEPLW9G29DMwhJ/script_main.DGzOQ-qi.mjs:280:44037
    at https://framerusercontent.com/sites/5pnYXBbLKEPLW9G29DMwhJ/framer.awt7G_KF.mjs:83:35130
    at https://framerusercontent.com/sites/5pnYXBbLKEPLW9G29DMwhJ/framer.awt7G_KF.mjs:928:18264
    at Suspense
    at nu (https://framerusercontent.com/sites/5pnYXBbLKEPLW9G29DMwhJ/framer.awt7G_KF.mjs:49:73700)
    at _d (https://framerusercontent.com/sites/5pnYXBbLKEPLW9G29DMwhJ/framer.awt7G_KF.mjs:52:6443)
    at bl (https://framerusercontent.com/sites/5pnYXBbLKEPLW9G29DMwhJ/script_main.DGzOQ-qi.mjs:280:304920)
    at Jf (https://framerusercontent.com/sites/5pnYXBbLKEPLW9G29DMwhJ/framer.awt7G_KF.mjs:54:10416)
    at Vb (https://framerusercontent.com/sites/5pnYXBbLKEPLW9G29DMwhJ/framer.awt7G_KF.mjs:83:6367)
    at Suspense
    at nu (https://framerusercontent.com/sites/5pnYXBbLKEPLW9G29DMwhJ/framer.awt7G_KF.mjs:49:73700)
    at Vw (https://framerusercontent.com/sites/5pnYXBbLKEPLW9G29DMwhJ/framer.awt7G_KF.mjs:921:31057)
    at af (https://framerusercontent.com/sites/5pnYXBbLKEPLW9G29DMwhJ/framer.awt7G_KF.mjs:52:18105)
    at li (https://framerusercontent.com/sites/5pnYXBbLKEPLW9G29DMwhJ/framer.awt7G_KF.mjs:49:6955)
    at https://framerusercontent.com/sites/5pnYXBbLKEPLW9G29DMwhJ/framer.awt7G_KF.mjs:928:2407
    at https://framerusercontent.com/sites/5pnYXBbLKEPLW9G29DMwhJ/framer.awt7G_KF.mjs:83:35130
    at Rt (https://framerusercontent.com/sites/5pnYXBbLKEPLW9G29DMwhJ/framer.awt7G_KF.mjs:3:3254)
    at qf (https://framerusercontent.com/sites/5pnYXBbLKEPLW9G29DMwhJ/framer.awt7G_KF.mjs:54:5233)
    at cf (https://framerusercontent.com/sites/5pnYXBbLKEPLW9G29DMwhJ/framer.awt7G_KF.mjs:52:18961)
    at jE (https://framerusercontent.com/sites/5pnYXBbLKEPLW9G29DMwhJ/framer.awt7G_KF.mjs:928:18033)
    at On (https://framerusercontent.com/sites/5pnYXBbLKEPLW9G29DMwhJ/framer.awt7G_KF.mjs:7:9178)
    at ia (https://framerusercontent.com/sites/5pnYXBbLKEPLW9G29DMwhJ/motion.eL-CBXa_.mjs:9:1423)
    at Qr (https://framerusercontent.com/sites/5pnYXBbLKEPLW9G29DMwhJ/framer.awt7G_KF.mjs:49:6251)
    at rp (https://framerusercontent.com/sites/5pnYXBbLKEPLW9G29DMwhJ/framer.awt7G_KF.mjs:54:11578)
    at TT (https://framerusercontent.com/sites/5pnYXBbLKEPLW9G29DMwhJ/framer.awt7G_KF.mjs:928:7599)
    at sr (https://framerusercontent.com/sites/5pnYXBbLKEPLW9G29DMwhJ/framer.awt7G_KF.mjs:7:14711) @ https://t.peec.ai/static/posthog-recorder.js?v=1.416.0:0
[     258ms] [WARNING] Caught a recoverable error. The site is still functional, but might have some UI flickering or degraded page load performance. If you are the author of this website, update external components and check recently added custom code or code overrides to fix the following server/client mismatches:
 Error: Minified React error #418; visit https://reactjs.org/docs/error-decoder.html?invariant=418 for the full message or use the non-minified dev environment for full errors and additional helpful warnings.
    at da (https://framerusercontent.com/sites/5pnYXBbLKEPLW9G29DMwhJ/react.LucpZiGF.mjs:6:4235)
    at sp (https://framerusercontent.com/sites/5pnYXBbLKEPLW9G29DMwhJ/react.LucpZiGF.mjs:8:68259)
    at $s (https://framerusercontent.com/sites/5pnYXBbLKEPLW9G29DMwhJ/react.LucpZiGF.mjs:8:37073)
    at Qs (https://framerusercontent.com/sites/5pnYXBbLKEPLW9G29DMwhJ/react.LucpZiGF.mjs:8:37046)
    at Ls (https://framerusercontent.com/sites/5pnYXBbLKEPLW9G29DMwhJ/react.LucpZiGF.mjs:8:32130)
    at wt (https://framerusercontent.com/sites/5pnYXBbLKEPLW9G29DMwhJ/react.LucpZiGF.mjs:1:10651)
    at MessagePort.Et (https://framerusercontent.com/sites/5pnYXBbLKEPLW9G29DMwhJ/react.LucpZiGF.mjs:1:11006) 
    at div
    at div
    at div
    at xe (https://framerusercontent.com/sites/5pnYXBbLKEPLW9G29DMwhJ/SyncBillingToggle.CaSFIKVy.mjs:1:6576)
    at https://framerusercontent.com/sites/5pnYXBbLKEPLW9G29DMwhJ/SyncBillingToggle.CaSFIKVy.mjs:16:13921
    at Kw (https://framerusercontent.com/sites/5pnYXBbLKEPLW9G29DMwhJ/framer.awt7G_KF.mjs:928:678)
    at Suspense
    at nu (https://framerusercontent.com/sites/5pnYXBbLKEPLW9G29DMwhJ/framer.awt7G_KF.mjs:49:73700)
    at cu (https://framerusercontent.com/sites/5pnYXBbLKEPLW9G29DMwhJ/framer.awt7G_KF.mjs:49:74364)
    at su (https://framerusercontent.com/sites/5pnYXBbLKEPLW9G29DMwhJ/framer.awt7G_KF.mjs:49:74226)
    at s (https://framerusercontent.com/sites/5pnYXBbLKEPLW9G29DMwhJ/framer.awt7G_KF.mjs:59:10242)
    at div
    at https://framerusercontent.com/sites/5pnYXBbLKEPLW9G29DMwhJ/framer.awt7G_KF.mjs:921:25580
    at https://framerusercontent.com/sites/5pnYXBbLKEPLW9G29DMwhJ/framer.awt7G_KF.mjs:83:35130
    at Kw (https://framerusercontent.com/sites/5pnYXBbLKEPLW9G29DMwhJ/framer.awt7G_KF.mjs:928:678)
    at Suspense
    at nu (https://framerusercontent.com/sites/5pnYXBbLKEPLW9G29DMwhJ/framer.awt7G_KF.mjs:49:73700)
    at cu (https://framerusercontent.com/sites/5pnYXBbLKEPLW9G29DMwhJ/framer.awt7G_KF.mjs:49:74364)
    at su (https://framerusercontent.com/sites/5pnYXBbLKEPLW9G29DMwhJ/framer.awt7G_KF.mjs:49:74226)
    at of (https://framerusercontent.com/sites/5pnYXBbLKEPLW9G29DMwhJ/motion.eL-CBXa_.mjs:9:71320)
    at Ja (https://framerusercontent.com/sites/5pnYXBbLKEPLW9G29DMwhJ/framer.awt7G_KF.mjs:49:26954)
    at div
    at s (https://framerusercontent.com/sites/5pnYXBbLKEPLW9G29DMwhJ/motion.eL-CBXa_.mjs:9:5742)
    at https://framerusercontent.com/sites/5pnYXBbLKEPLW9G29DMwhJ/framer.awt7G_KF.mjs:928:1367
    at https://framerusercontent.com/sites/5pnYXBbLKEPLW9G29DMwhJ/framer.awt7G_KF.mjs:921:30987
    at https://framerusercontent.com/sites/5pnYXBbLKEPLW9G29DMwhJ/framer.awt7G_KF.mjs:921:30800
    at div
    at div
    at div
    at div
    at div
    at div
    at div
    at s (https://framerusercontent.com/sites/5pnYXBbLKEPLW9G29DMwhJ/motion.eL-CBXa_.mjs:9:5742)
    at div
    at s (https://framerusercontent.com/sites/5pnYXBbLKEPLW9G29DMwhJ/motion.eL-CBXa_.mjs:9:5742)
    at of (https://framerusercontent.com/sites/5pnYXBbLKEPLW9G29DMwhJ/motion.eL-CBXa_.mjs:9:71320)
    at https://framerusercontent.com/sites/5pnYXBbLKEPLW9G29DMwhJ/NsKjUvTZeqrFvR5wi9mJBdJJm_6ukV79F1Lw0iZR7l0.WY3FAW_A.mjs:1:3435
    at https://framerusercontent.com/sites/5pnYXBbLKEPLW9G29DMwhJ/framer.awt7G_KF.mjs:83:35130
    at https://framerusercontent.com/sites/5pnYXBbLKEPLW9G29DMwhJ/framer.awt7G_KF.mjs:3:1056
    at div
    at s (https://framerusercontent.com/sites/5pnYXBbLKEPLW9G29DMwhJ/motion.eL-CBXa_.mjs:9:5742)
    at of (https://framerusercontent.com/sites/5pnYXBbLKEPLW9G29DMwhJ/motion.eL-CBXa_.mjs:9:71320)
    at https://framerusercontent.com/sites/5pnYXBbLKEPLW9G29DMwhJ/script_main.DGzOQ-qi.mjs:280:44037
    at https://framerusercontent.com/sites/5pnYXBbLKEPLW9G29DMwhJ/framer.awt7G_KF.mjs:83:35130
    at https://framerusercontent.com/sites/5pnYXBbLKEPLW9G29DMwhJ/framer.awt7G_KF.mjs:928:18264
    at Suspense
    at nu (https://framerusercontent.com/sites/5pnYXBbLKEPLW9G29DMwhJ/framer.awt7G_KF.mjs:49:73700)
    at _d (https://framerusercontent.com/sites/5pnYXBbLKEPLW9G29DMwhJ/framer.awt7G_KF.mjs:52:6443)
    at bl (https://framerusercontent.com/sites/5pnYXBbLKEPLW9G29DMwhJ/script_main.DGzOQ-qi.mjs:280:304920)
    at Jf (https://framerusercontent.com/sites/5pnYXBbLKEPLW9G29DMwhJ/framer.awt7G_KF.mjs:54:10416)
    at Vb (https://framerusercontent.com/sites/5pnYXBbLKEPLW9G29DMwhJ/framer.awt7G_KF.mjs:83:6367)
    at Suspense
    at nu (https://framerusercontent.com/sites/5pnYXBbLKEPLW9G29DMwhJ/framer.awt7G_KF.mjs:49:73700)
    at Vw (https://framerusercontent.com/sites/5pnYXBbLKEPLW9G29DMwhJ/framer.awt7G_KF.mjs:921:31057)
    at af (https://framerusercontent.com/sites/5pnYXBbLKEPLW9G29DMwhJ/framer.awt7G_KF.mjs:52:18105)
    at li (https://framerusercontent.com/sites/5pnYXBbLKEPLW9G29DMwhJ/framer.awt7G_KF.mjs:49:6955)
    at https://framerusercontent.com/sites/5pnYXBbLKEPLW9G29DMwhJ/framer.awt7G_KF.mjs:928:2407
    at https://framerusercontent.com/sites/5pnYXBbLKEPLW9G29DMwhJ/framer.awt7G_KF.mjs:83:35130
    at Rt (https://framerusercontent.com/sites/5pnYXBbLKEPLW9G29DMwhJ/framer.awt7G_KF.mjs:3:3254)
    at qf (https://framerusercontent.com/sites/5pnYXBbLKEPLW9G29DMwhJ/framer.awt7G_KF.mjs:54:5233)
    at cf (https://framerusercontent.com/sites/5pnYXBbLKEPLW9G29DMwhJ/framer.awt7G_KF.mjs:52:18961)
    at jE (https://framerusercontent.com/sites/5pnYXBbLKEPLW9G29DMwhJ/framer.awt7G_KF.mjs:928:18033)
    at On (https://framerusercontent.com/sites/5pnYXBbLKEPLW9G29DMwhJ/framer.awt7G_KF.mjs:7:9178)
    at ia (https://framerusercontent.com/sites/5pnYXBbLKEPLW9G29DMwhJ/motion.eL-CBXa_.mjs:9:1423)
    at Qr (https://framerusercontent.com/sites/5pnYXBbLKEPLW9G29DMwhJ/framer.awt7G_KF.mjs:49:6251)
    at rp (https://framerusercontent.com/sites/5pnYXBbLKEPLW9G29DMwhJ/framer.awt7G_KF.mjs:54:11578)
    at TT (https://framerusercontent.com/sites/5pnYXBbLKEPLW9G29DMwhJ/framer.awt7G_KF.mjs:928:7599)
    at sr (https://framerusercontent.com/sites/5pnYXBbLKEPLW9G29DMwhJ/framer.awt7G_KF.mjs:7:14711) @ https://t.peec.ai/static/posthog-recorder.js?v=1.416.0:0
[     258ms] [WARNING] Caught a recoverable error. The site is still functional, but might have some UI flickering or degraded page load performance. If you are the author of this website, update external components and check recently added custom code or code overrides to fix the following server/client mismatches:
 Error: Minified React error #418; visit https://reactjs.org/docs/error-decoder.html?invariant=418 for the full message or use the non-minified dev environment for full errors and additional helpful warnings.
    at da (https://framerusercontent.com/sites/5pnYXBbLKEPLW9G29DMwhJ/react.LucpZiGF.mjs:6:4235)
    at sp (https://framerusercontent.com/sites/5pnYXBbLKEPLW9G29DMwhJ/react.LucpZiGF.mjs:8:68259)
    at $s (https://framerusercontent.com/sites/5pnYXBbLKEPLW9G29DMwhJ/react.LucpZiGF.mjs:8:37073)
    at Qs (https://framerusercontent.com/sites/5pnYXBbLKEPLW9G29DMwhJ/react.LucpZiGF.mjs:8:37046)
    at Ls (https://framerusercontent.com/sites/5pnYXBbLKEPLW9G29DMwhJ/react.LucpZiGF.mjs:8:32130)
    at wt (https://framerusercontent.com/sites/5pnYXBbLKEPLW9G29DMwhJ/react.LucpZiGF.mjs:1:10651)
    at MessagePort.Et (https://framerusercontent.com/sites/5pnYXBbLKEPLW9G29DMwhJ/react.LucpZiGF.mjs:1:11006) 
    at div
    at div
    at div
    at xe (https://framerusercontent.com/sites/5pnYXBbLKEPLW9G29DMwhJ/SyncBillingToggle.CaSFIKVy.mjs:1:6576)
    at https://framerusercontent.com/sites/5pnYXBbLKEPLW9G29DMwhJ/SyncBillingToggle.CaSFIKVy.mjs:16:13921
    at Kw (https://framerusercontent.com/sites/5pnYXBbLKEPLW9G29DMwhJ/framer.awt7G_KF.mjs:928:678)
    at Suspense
    at nu (https://framerusercontent.com/sites/5pnYXBbLKEPLW9G29DMwhJ/framer.awt7G_KF.mjs:49:73700)
    at cu (https://framerusercontent.com/sites/5pnYXBbLKEPLW9G29DMwhJ/framer.awt7G_KF.mjs:49:74364)
    at su (https://framerusercontent.com/sites/5pnYXBbLKEPLW9G29DMwhJ/framer.awt7G_KF.mjs:49:74226)
    at s (https://framerusercontent.com/sites/5pnYXBbLKEPLW9G29DMwhJ/framer.awt7G_KF.mjs:59:10242)
    at div
    at https://framerusercontent.com/sites/5pnYXBbLKEPLW9G29DMwhJ/framer.awt7G_KF.mjs:921:25580
    at https://framerusercontent.com/sites/5pnYXBbLKEPLW9G29DMwhJ/framer.awt7G_KF.mjs:83:35130
    at Kw (https://framerusercontent.com/sites/5pnYXBbLKEPLW9G29DMwhJ/framer.awt7G_KF.mjs:928:678)
    at Suspense
    at nu (https://framerusercontent.com/sites/5pnYXBbLKEPLW9G29DMwhJ/framer.awt7G_KF.mjs:49:73700)
    at cu (https://framerusercontent.com/sites/5pnYXBbLKEPLW9G29DMwhJ/framer.awt7G_KF.mjs:49:74364)
    at su (https://framerusercontent.com/sites/5pnYXBbLKEPLW9G29DMwhJ/framer.awt7G_KF.mjs:49:74226)
    at of (https://framerusercontent.com/sites/5pnYXBbLKEPLW9G29DMwhJ/motion.eL-CBXa_.mjs:9:71320)
    at Ja (https://framerusercontent.com/sites/5pnYXBbLKEPLW9G29DMwhJ/framer.awt7G_KF.mjs:49:26954)
    at div
    at s (https://framerusercontent.com/sites/5pnYXBbLKEPLW9G29DMwhJ/motion.eL-CBXa_.mjs:9:5742)
    at https://framerusercontent.com/sites/5pnYXBbLKEPLW9G29DMwhJ/framer.awt7G_KF.mjs:928:1367
    at https://framerusercontent.com/sites/5pnYXBbLKEPLW9G29DMwhJ/framer.awt7G_KF.mjs:921:30987
    at https://framerusercontent.com/sites/5pnYXBbLKEPLW9G29DMwhJ/framer.awt7G_KF.mjs:921:30800
    at div
    at div
    at div
    at div
    at div
    at div
    at div
    at s (https://framerusercontent.com/sites/5pnYXBbLKEPLW9G29DMwhJ/motion.eL-CBXa_.mjs:9:5742)
    at div
    at s (https://framerusercontent.com/sites/5pnYXBbLKEPLW9G29DMwhJ/motion.eL-CBXa_.mjs:9:5742)
    at of (https://framerusercontent.com/sites/5pnYXBbLKEPLW9G29DMwhJ/motion.eL-CBXa_.mjs:9:71320)
    at https://framerusercontent.com/sites/5pnYXBbLKEPLW9G29DMwhJ/NsKjUvTZeqrFvR5wi9mJBdJJm_6ukV79F1Lw0iZR7l0.WY3FAW_A.mjs:1:3435
    at https://framerusercontent.com/sites/5pnYXBbLKEPLW9G29DMwhJ/framer.awt7G_KF.mjs:83:35130
    at https://framerusercontent.com/sites/5pnYXBbLKEPLW9G29DMwhJ/framer.awt7G_KF.mjs:3:1056
    at div
    at s (https://framerusercontent.com/sites/5pnYXBbLKEPLW9G29DMwhJ/motion.eL-CBXa_.mjs:9:5742)
    at of (https://framerusercontent.com/sites/5pnYXBbLKEPLW9G29DMwhJ/motion.eL-CBXa_.mjs:9:71320)
    at https://framerusercontent.com/sites/5pnYXBbLKEPLW9G29DMwhJ/script_main.DGzOQ-qi.mjs:280:44037
    at https://framerusercontent.com/sites/5pnYXBbLKEPLW9G29DMwhJ/framer.awt7G_KF.mjs:83:35130
    at https://framerusercontent.com/sites/5pnYXBbLKEPLW9G29DMwhJ/framer.awt7G_KF.mjs:928:18264
    at Suspense
    at nu (https://framerusercontent.com/sites/5pnYXBbLKEPLW9G29DMwhJ/framer.awt7G_KF.mjs:49:73700)
    at _d (https://framerusercontent.com/sites/5pnYXBbLKEPLW9G29DMwhJ/framer.awt7G_KF.mjs:52:6443)
    at bl (https://framerusercontent.com/sites/5pnYXBbLKEPLW9G29DMwhJ/script_main.DGzOQ-qi.mjs:280:304920)
    at Jf (https://framerusercontent.com/sites/5pnYXBbLKEPLW9G29DMwhJ/framer.awt7G_KF.mjs:54:10416)
    at Vb (https://framerusercontent.com/sites/5pnYXBbLKEPLW9G29DMwhJ/framer.awt7G_KF.mjs:83:6367)
    at Suspense
    at nu (https://framerusercontent.com/sites/5pnYXBbLKEPLW9G29DMwhJ/framer.awt7G_KF.mjs:49:73700)
    at Vw (https://framerusercontent.com/sites/5pnYXBbLKEPLW9G29DMwhJ/framer.awt7G_KF.mjs:921:31057)
    at af (https://framerusercontent.com/sites/5pnYXBbLKEPLW9G29DMwhJ/framer.awt7G_KF.mjs:52:18105)
    at li (https://framerusercontent.com/sites/5pnYXBbLKEPLW9G29DMwhJ/framer.awt7G_KF.mjs:49:6955)
    at https://framerusercontent.com/sites/5pnYXBbLKEPLW9G29DMwhJ/framer.awt7G_KF.mjs:928:2407
    at https://framerusercontent.com/sites/5pnYXBbLKEPLW9G29DMwhJ/framer.awt7G_KF.mjs:83:35130
    at Rt (https://framerusercontent.com/sites/5pnYXBbLKEPLW9G29DMwhJ/framer.awt7G_KF.mjs:3:3254)
    at qf (https://framerusercontent.com/sites/5pnYXBbLKEPLW9G29DMwhJ/framer.awt7G_KF.mjs:54:5233)
    at cf (https://framerusercontent.com/sites/5pnYXBbLKEPLW9G29DMwhJ/framer.awt7G_KF.mjs:52:18961)
    at jE (https://framerusercontent.com/sites/5pnYXBbLKEPLW9G29DMwhJ/framer.awt7G_KF.mjs:928:18033)
    at On (https://framerusercontent.com/sites/5pnYXBbLKEPLW9G29DMwhJ/framer.awt7G_KF.mjs:7:9178)
    at ia (https://framerusercontent.com/sites/5pnYXBbLKEPLW9G29DMwhJ/motion.eL-CBXa_.mjs:9:1423)
    at Qr (https://framerusercontent.com/sites/5pnYXBbLKEPLW9G29DMwhJ/framer.awt7G_KF.mjs:49:6251)
    at rp (https://framerusercontent.com/sites/5pnYXBbLKEPLW9G29DMwhJ/framer.awt7G_KF.mjs:54:11578)
    at TT (https://framerusercontent.com/sites/5pnYXBbLKEPLW9G29DMwhJ/framer.awt7G_KF.mjs:928:7599)
    at sr (https://framerusercontent.com/sites/5pnYXBbLKEPLW9G29DMwhJ/framer.awt7G_KF.mjs:7:14711) @ https://t.peec.ai/static/posthog-recorder.js?v=1.416.0:0
[     258ms] [WARNING] Caught a recoverable error. The site is still functional, but might have some UI flickering or degraded page load performance. If you are the author of this website, update external components and check recently added custom code or code overrides to fix the following server/client mismatches:
 Error: Minified React error #418; visit https://reactjs.org/docs/error-decoder.html?invariant=418 for the full message or use the non-minified dev environment for full errors and additional helpful warnings.
    at da (https://framerusercontent.com/sites/5pnYXBbLKEPLW9G29DMwhJ/react.LucpZiGF.mjs:6:4235)
    at sp (https://framerusercontent.com/sites/5pnYXBbLKEPLW9G29DMwhJ/react.LucpZiGF.mjs:8:68259)
    at $s (https://framerusercontent.com/sites/5pnYXBbLKEPLW9G29DMwhJ/react.LucpZiGF.mjs:8:37073)
    at Qs (https://framerusercontent.com/sites/5pnYXBbLKEPLW9G29DMwhJ/react.LucpZiGF.mjs:8:37046)
    at Ls (https://framerusercontent.com/sites/5pnYXBbLKEPLW9G29DMwhJ/react.LucpZiGF.mjs:8:32130)
    at wt (https://framerusercontent.com/sites/5pnYXBbLKEPLW9G29DMwhJ/react.LucpZiGF.mjs:1:10651)
    at MessagePort.Et (https://framerusercontent.com/sites/5pnYXBbLKEPLW9G29DMwhJ/react.LucpZiGF.mjs:1:11006) 
    at p
    at div
    at div
    at xe (https://framerusercontent.com/sites/5pnYXBbLKEPLW9G29DMwhJ/SyncBillingToggle.CaSFIKVy.mjs:1:6576)
    at https://framerusercontent.com/sites/5pnYXBbLKEPLW9G29DMwhJ/SyncBillingToggle.CaSFIKVy.mjs:16:13921
    at Kw (https://framerusercontent.com/sites/5pnYXBbLKEPLW9G29DMwhJ/framer.awt7G_KF.mjs:928:678)
    at Suspense
    at nu (https://framerusercontent.com/sites/5pnYXBbLKEPLW9G29DMwhJ/framer.awt7G_KF.mjs:49:73700)
    at cu (https://framerusercontent.com/sites/5pnYXBbLKEPLW9G29DMwhJ/framer.awt7G_KF.mjs:49:74364)
    at su (https://framerusercontent.com/sites/5pnYXBbLKEPLW9G29DMwhJ/framer.awt7G_KF.mjs:49:74226)
    at s (https://framerusercontent.com/sites/5pnYXBbLKEPLW9G29DMwhJ/framer.awt7G_KF.mjs:59:10242)
    at div
    at https://framerusercontent.com/sites/5pnYXBbLKEPLW9G29DMwhJ/framer.awt7G_KF.mjs:921:25580
    at https://framerusercontent.com/sites/5pnYXBbLKEPLW9G29DMwhJ/framer.awt7G_KF.mjs:83:35130
    at Kw (https://framerusercontent.com/sites/5pnYXBbLKEPLW9G29DMwhJ/framer.awt7G_KF.mjs:928:678)
    at Suspense
    at nu (https://framerusercontent.com/sites/5pnYXBbLKEPLW9G29DMwhJ/framer.awt7G_KF.mjs:49:73700)
    at cu (https://framerusercontent.com/sites/5pnYXBbLKEPLW9G29DMwhJ/framer.awt7G_KF.mjs:49:74364)
    at su (https://framerusercontent.com/sites/5pnYXBbLKEPLW9G29DMwhJ/framer.awt7G_KF.mjs:49:74226)
    at of (https://framerusercontent.com/sites/5pnYXBbLKEPLW9G29DMwhJ/motion.eL-CBXa_.mjs:9:71320)
    at Ja (https://framerusercontent.com/sites/5pnYXBbLKEPLW9G29DMwhJ/framer.awt7G_KF.mjs:49:26954)
    at div
    at s (https://framerusercontent.com/sites/5pnYXBbLKEPLW9G29DMwhJ/motion.eL-CBXa_.mjs:9:5742)
    at https://framerusercontent.com/sites/5pnYXBbLKEPLW9G29DMwhJ/framer.awt7G_KF.mjs:928:1367
    at https://framerusercontent.com/sites/5pnYXBbLKEPLW9G29DMwhJ/framer.awt7G_KF.mjs:921:30987
    at https://framerusercontent.com/sites/5pnYXBbLKEPLW9G29DMwhJ/framer.awt7G_KF.mjs:921:30800
    at div
    at div
    at div
    at div
    at div
    at div
    at div
    at s (https://framerusercontent.com/sites/5pnYXBbLKEPLW9G29DMwhJ/motion.eL-CBXa_.mjs:9:5742)
    at div
    at s (https://framerusercontent.com/sites/5pnYXBbLKEPLW9G29DMwhJ/motion.eL-CBXa_.mjs:9:5742)
    at of (https://framerusercontent.com/sites/5pnYXBbLKEPLW9G29DMwhJ/motion.eL-CBXa_.mjs:9:71320)
    at https://framerusercontent.com/sites/5pnYXBbLKEPLW9G29DMwhJ/NsKjUvTZeqrFvR5wi9mJBdJJm_6ukV79F1Lw0iZR7l0.WY3FAW_A.mjs:1:3435
    at https://framerusercontent.com/sites/5pnYXBbLKEPLW9G29DMwhJ/framer.awt7G_KF.mjs:83:35130
    at https://framerusercontent.com/sites/5pnYXBbLKEPLW9G29DMwhJ/framer.awt7G_KF.mjs:3:1056
    at div
    at s (https://framerusercontent.com/sites/5pnYXBbLKEPLW9G29DMwhJ/motion.eL-CBXa_.mjs:9:5742)
    at of (https://framerusercontent.com/sites/5pnYXBbLKEPLW9G29DMwhJ/motion.eL-CBXa_.mjs:9:71320)
    at https://framerusercontent.com/sites/5pnYXBbLKEPLW9G29DMwhJ/script_main.DGzOQ-qi.mjs:280:44037
    at https://framerusercontent.com/sites/5pnYXBbLKEPLW9G29DMwhJ/framer.awt7G_KF.mjs:83:35130
    at https://framerusercontent.com/sites/5pnYXBbLKEPLW9G29DMwhJ/framer.awt7G_KF.mjs:928:18264
    at Suspense
    at nu (https://framerusercontent.com/sites/5pnYXBbLKEPLW9G29DMwhJ/framer.awt7G_KF.mjs:49:73700)
    at _d (https://framerusercontent.com/sites/5pnYXBbLKEPLW9G29DMwhJ/framer.awt7G_KF.mjs:52:6443)
    at bl (https://framerusercontent.com/sites/5pnYXBbLKEPLW9G29DMwhJ/script_main.DGzOQ-qi.mjs:280:304920)
    at Jf (https://framerusercontent.com/sites/5pnYXBbLKEPLW9G29DMwhJ/framer.awt7G_KF.mjs:54:10416)
    at Vb (https://framerusercontent.com/sites/5pnYXBbLKEPLW9G29DMwhJ/framer.awt7G_KF.mjs:83:6367)
    at Suspense
    at nu (https://framerusercontent.com/sites/5pnYXBbLKEPLW9G29DMwhJ/framer.awt7G_KF.mjs:49:73700)
    at Vw (https://framerusercontent.com/sites/5pnYXBbLKEPLW9G29DMwhJ/framer.awt7G_KF.mjs:921:31057)
    at af (https://framerusercontent.com/sites/5pnYXBbLKEPLW9G29DMwhJ/framer.awt7G_KF.mjs:52:18105)
    at li (https://framerusercontent.com/sites/5pnYXBbLKEPLW9G29DMwhJ/framer.awt7G_KF.mjs:49:6955)
    at https://framerusercontent.com/sites/5pnYXBbLKEPLW9G29DMwhJ/framer.awt7G_KF.mjs:928:2407
    at https://framerusercontent.com/sites/5pnYXBbLKEPLW9G29DMwhJ/framer.awt7G_KF.mjs:83:35130
    at Rt (https://framerusercontent.com/sites/5pnYXBbLKEPLW9G29DMwhJ/framer.awt7G_KF.mjs:3:3254)
    at qf (https://framerusercontent.com/sites/5pnYXBbLKEPLW9G29DMwhJ/framer.awt7G_KF.mjs:54:5233)
    at cf (https://framerusercontent.com/sites/5pnYXBbLKEPLW9G29DMwhJ/framer.awt7G_KF.mjs:52:18961)
    at jE (https://framerusercontent.com/sites/5pnYXBbLKEPLW9G29DMwhJ/framer.awt7G_KF.mjs:928:18033)
    at On (https://framerusercontent.com/sites/5pnYXBbLKEPLW9G29DMwhJ/framer.awt7G_KF.mjs:7:9178)
    at ia (https://framerusercontent.com/sites/5pnYXBbLKEPLW9G29DMwhJ/motion.eL-CBXa_.mjs:9:1423)
    at Qr (https://framerusercontent.com/sites/5pnYXBbLKEPLW9G29DMwhJ/framer.awt7G_KF.mjs:49:6251)
    at rp (https://framerusercontent.com/sites/5pnYXBbLKEPLW9G29DMwhJ/framer.awt7G_KF.mjs:54:11578)
    at TT (https://framerusercontent.com/sites/5pnYXBbLKEPLW9G29DMwhJ/framer.awt7G_KF.mjs:928:7599)
    at sr (https://framerusercontent.com/sites/5pnYXBbLKEPLW9G29DMwhJ/framer.awt7G_KF.mjs:7:14711) @ https://t.peec.ai/static/posthog-recorder.js?v=1.416.0:0
[     258ms] [WARNING] Caught a recoverable error. The site is still functional, but might have some UI flickering or degraded page load performance. If you are the author of this website, update external components and check recently added custom code or code overrides to fix the following server/client mismatches:
 Error: Minified React error #418; visit https://reactjs.org/docs/error-decoder.html?invariant=418 for the full message or use the non-minified dev environment for full errors and additional helpful warnings.
    at da (https://framerusercontent.com/sites/5pnYXBbLKEPLW9G29DMwhJ/react.LucpZiGF.mjs:6:4235)
    at sp (https://framerusercontent.com/sites/5pnYXBbLKEPLW9G29DMwhJ/react.LucpZiGF.mjs:8:68259)
    at $s (https://framerusercontent.com/sites/5pnYXBbLKEPLW9G29DMwhJ/react.LucpZiGF.mjs:8:37073)
    at Qs (https://framerusercontent.com/sites/5pnYXBbLKEPLW9G29DMwhJ/react.LucpZiGF.mjs:8:37046)
    at Ls (https://framerusercontent.com/sites/5pnYXBbLKEPLW9G29DMwhJ/react.LucpZiGF.mjs:8:32130)
    at wt (https://framerusercontent.com/sites/5pnYXBbLKEPLW9G29DMwhJ/react.LucpZiGF.mjs:1:10651)
    at MessagePort.Et (https://framerusercontent.com/sites/5pnYXBbLKEPLW9G29DMwhJ/react.LucpZiGF.mjs:1:11006) 
    at div
    at div
    at xe (https://framerusercontent.com/sites/5pnYXBbLKEPLW9G29DMwhJ/SyncBillingToggle.CaSFIKVy.mjs:1:6576)
    at https://framerusercontent.com/sites/5pnYXBbLKEPLW9G29DMwhJ/SyncBillingToggle.CaSFIKVy.mjs:16:13921
    at Kw (https://framerusercontent.com/sites/5pnYXBbLKEPLW9G29DMwhJ/framer.awt7G_KF.mjs:928:678)
    at Suspense
    at nu (https://framerusercontent.com/sites/5pnYXBbLKEPLW9G29DMwhJ/framer.awt7G_KF.mjs:49:73700)
    at cu (https://framerusercontent.com/sites/5pnYXBbLKEPLW9G29DMwhJ/framer.awt7G_KF.mjs:49:74364)
    at su (https://framerusercontent.com/sites/5pnYXBbLKEPLW9G29DMwhJ/framer.awt7G_KF.mjs:49:74226)
    at s (https://framerusercontent.com/sites/5pnYXBbLKEPLW9G29DMwhJ/framer.awt7G_KF.mjs:59:10242)
    at div
    at https://framerusercontent.com/sites/5pnYXBbLKEPLW9G29DMwhJ/framer.awt7G_KF.mjs:921:25580
    at https://framerusercontent.com/sites/5pnYXBbLKEPLW9G29DMwhJ/framer.awt7G_KF.mjs:83:35130
    at Kw (https://framerusercontent.com/sites/5pnYXBbLKEPLW9G29DMwhJ/framer.awt7G_KF.mjs:928:678)
    at Suspense
    at nu (https://framerusercontent.com/sites/5pnYXBbLKEPLW9G29DMwhJ/framer.awt7G_KF.mjs:49:73700)
    at cu (https://framerusercontent.com/sites/5pnYXBbLKEPLW9G29DMwhJ/framer.awt7G_KF.mjs:49:74364)
    at su (https://framerusercontent.com/sites/5pnYXBbLKEPLW9G29DMwhJ/framer.awt7G_KF.mjs:49:74226)
    at of (https://framerusercontent.com/sites/5pnYXBbLKEPLW9G29DMwhJ/motion.eL-CBXa_.mjs:9:71320)
    at Ja (https://framerusercontent.com/sites/5pnYXBbLKEPLW9G29DMwhJ/framer.awt7G_KF.mjs:49:26954)
    at div
    at s (https://framerusercontent.com/sites/5pnYXBbLKEPLW9G29DMwhJ/motion.eL-CBXa_.mjs:9:5742)
    at https://framerusercontent.com/sites/5pnYXBbLKEPLW9G29DMwhJ/framer.awt7G_KF.mjs:928:1367
    at https://framerusercontent.com/sites/5pnYXBbLKEPLW9G29DMwhJ/framer.awt7G_KF.mjs:921:30987
    at https://framerusercontent.com/sites/5pnYXBbLKEPLW9G29DMwhJ/framer.awt7G_KF.mjs:921:30800
    at div
    at div
    at div
    at div
    at div
    at div
    at div
    at s (https://framerusercontent.com/sites/5pnYXBbLKEPLW9G29DMwhJ/motion.eL-CBXa_.mjs:9:5742)
    at div
    at s (https://framerusercontent.com/sites/5pnYXBbLKEPLW9G29DMwhJ/motion.eL-CBXa_.mjs:9:5742)
    at of (https://framerusercontent.com/sites/5pnYXBbLKEPLW9G29DMwhJ/motion.eL-CBXa_.mjs:9:71320)
    at https://framerusercontent.com/sites/5pnYXBbLKEPLW9G29DMwhJ/NsKjUvTZeqrFvR5wi9mJBdJJm_6ukV79F1Lw0iZR7l0.WY3FAW_A.mjs:1:3435
    at https://framerusercontent.com/sites/5pnYXBbLKEPLW9G29DMwhJ/framer.awt7G_KF.mjs:83:35130
    at https://framerusercontent.com/sites/5pnYXBbLKEPLW9G29DMwhJ/framer.awt7G_KF.mjs:3:1056
    at div
    at s (https://framerusercontent.com/sites/5pnYXBbLKEPLW9G29DMwhJ/motion.eL-CBXa_.mjs:9:5742)
    at of (https://framerusercontent.com/sites/5pnYXBbLKEPLW9G29DMwhJ/motion.eL-CBXa_.mjs:9:71320)
    at https://framerusercontent.com/sites/5pnYXBbLKEPLW9G29DMwhJ/script_main.DGzOQ-qi.mjs:280:44037
    at https://framerusercontent.com/sites/5pnYXBbLKEPLW9G29DMwhJ/framer.awt7G_KF.mjs:83:35130
    at https://framerusercontent.com/sites/5pnYXBbLKEPLW9G29DMwhJ/framer.awt7G_KF.mjs:928:18264
    at Suspense
    at nu (https://framerusercontent.com/sites/5pnYXBbLKEPLW9G29DMwhJ/framer.awt7G_KF.mjs:49:73700)
    at _d (https://framerusercontent.com/sites/5pnYXBbLKEPLW9G29DMwhJ/framer.awt7G_KF.mjs:52:6443)
    at bl (https://framerusercontent.com/sites/5pnYXBbLKEPLW9G29DMwhJ/script_main.DGzOQ-qi.mjs:280:304920)
    at Jf (https://framerusercontent.com/sites/5pnYXBbLKEPLW9G29DMwhJ/framer.awt7G_KF.mjs:54:10416)
    at Vb (https://framerusercontent.com/sites/5pnYXBbLKEPLW9G29DMwhJ/framer.awt7G_KF.mjs:83:6367)
    at Suspense
    at nu (https://framerusercontent.com/sites/5pnYXBbLKEPLW9G29DMwhJ/framer.awt7G_KF.mjs:49:73700)
    at Vw (https://framerusercontent.com/sites/5pnYXBbLKEPLW9G29DMwhJ/framer.awt7G_KF.mjs:921:31057)
    at af (https://framerusercontent.com/sites/5pnYXBbLKEPLW9G29DMwhJ/framer.awt7G_KF.mjs:52:18105)
    at li (https://framerusercontent.com/sites/5pnYXBbLKEPLW9G29DMwhJ/framer.awt7G_KF.mjs:49:6955)
    at https://framerusercontent.com/sites/5pnYXBbLKEPLW9G29DMwhJ/framer.awt7G_KF.mjs:928:2407
    at https://framerusercontent.com/sites/5pnYXBbLKEPLW9G29DMwhJ/framer.awt7G_KF.mjs:83:35130
    at Rt (https://framerusercontent.com/sites/5pnYXBbLKEPLW9G29DMwhJ/framer.awt7G_KF.mjs:3:3254)
    at qf (https://framerusercontent.com/sites/5pnYXBbLKEPLW9G29DMwhJ/framer.awt7G_KF.mjs:54:5233)
    at cf (https://framerusercontent.com/sites/5pnYXBbLKEPLW9G29DMwhJ/framer.awt7G_KF.mjs:52:18961)
    at jE (https://framerusercontent.com/sites/5pnYXBbLKEPLW9G29DMwhJ/framer.awt7G_KF.mjs:928:18033)
    at On (https://framerusercontent.com/sites/5pnYXBbLKEPLW9G29DMwhJ/framer.awt7G_KF.mjs:7:9178)
    at ia (https://framerusercontent.com/sites/5pnYXBbLKEPLW9G29DMwhJ/motion.eL-CBXa_.mjs:9:1423)
    at Qr (https://framerusercontent.com/sites/5pnYXBbLKEPLW9G29DMwhJ/framer.awt7G_KF.mjs:49:6251)
    at rp (https://framerusercontent.com/sites/5pnYXBbLKEPLW9G29DMwhJ/framer.awt7G_KF.mjs:54:11578)
    at TT (https://framerusercontent.com/sites/5pnYXBbLKEPLW9G29DMwhJ/framer.awt7G_KF.mjs:928:7599)
    at sr (https://framerusercontent.com/sites/5pnYXBbLKEPLW9G29DMwhJ/framer.awt7G_KF.mjs:7:14711) @ https://t.peec.ai/static/posthog-recorder.js?v=1.416.0:0
[     258ms] [WARNING] Caught a recoverable error. The site is still functional, but might have some UI flickering or degraded page load performance. If you are the author of this website, update external components and check recently added custom code or code overrides to fix the following server/client mismatches:
 Error: Minified React error #422; visit https://reactjs.org/docs/error-decoder.html?invariant=422 for the full message or use the non-minified dev environment for full errors and additional helpful warnings.
    at ns (https://framerusercontent.com/sites/5pnYXBbLKEPLW9G29DMwhJ/react.LucpZiGF.mjs:8:8255)
    at $o (https://framerusercontent.com/sites/5pnYXBbLKEPLW9G29DMwhJ/react.LucpZiGF.mjs:8:7196)
    at sp (https://framerusercontent.com/sites/5pnYXBbLKEPLW9G29DMwhJ/react.LucpZiGF.mjs:8:68461)
    at $s (https://framerusercontent.com/sites/5pnYXBbLKEPLW9G29DMwhJ/react.LucpZiGF.mjs:8:37073)
    at Qs (https://framerusercontent.com/sites/5pnYXBbLKEPLW9G29DMwhJ/react.LucpZiGF.mjs:8:37046)
    at Ls (https://framerusercontent.com/sites/5pnYXBbLKEPLW9G29DMwhJ/react.LucpZiGF.mjs:8:32130)
    at wt (https://framerusercontent.com/sites/5pnYXBbLKEPLW9G29DMwhJ/react.LucpZiGF.mjs:1:10651)
    at MessagePort.Et (https://framerusercontent.com/sites/5pnYXBbLKEPLW9G29DMwhJ/react.LucpZiGF.mjs:1:11006) null @ https://t.peec.ai/static/posthog-recorder.js?v=1.416.0:0
[     258ms] [WARNING] Caught a recoverable error. The site is still functional, but might have some UI flickering or degraded page load performance. If you are the author of this website, update external components and check recently added custom code or code overrides to fix the following server/client mismatches:
 Error: Minified React error #418; visit https://reactjs.org/docs/error-decoder.html?invariant=418 for the full message or use the non-minified dev environment for full errors and additional helpful warnings.
    at da (https://framerusercontent.com/sites/5pnYXBbLKEPLW9G29DMwhJ/react.LucpZiGF.mjs:6:4116)
    at sp (https://framerusercontent.com/sites/5pnYXBbLKEPLW9G29DMwhJ/react.LucpZiGF.mjs:8:68259)
    at $s (https://framerusercontent.com/sites/5pnYXBbLKEPLW9G29DMwhJ/react.LucpZiGF.mjs:8:37073)
    at Qs (https://framerusercontent.com/sites/5pnYXBbLKEPLW9G29DMwhJ/react.LucpZiGF.mjs:8:37046)
    at Ls (https://framerusercontent.com/sites/5pnYXBbLKEPLW9G29DMwhJ/react.LucpZiGF.mjs:8:32130)
    at wt (https://framerusercontent.com/sites/5pnYXBbLKEPLW9G29DMwhJ/react.LucpZiGF.mjs:1:10651)
    at MessagePort.Et (https://framerusercontent.com/sites/5pnYXBbLKEPLW9G29DMwhJ/react.LucpZiGF.mjs:1:11006) 
    at span
    at div
    at div
    at div
    at div
    at xe (https://framerusercontent.com/sites/5pnYXBbLKEPLW9G29DMwhJ/SyncBillingToggle.CaSFIKVy.mjs:1:6576)
    at https://framerusercontent.com/sites/5pnYXBbLKEPLW9G29DMwhJ/SyncBillingToggle.CaSFIKVy.mjs:16:13921
    at Kw (https://framerusercontent.com/sites/5pnYXBbLKEPLW9G29DMwhJ/framer.awt7G_KF.mjs:928:678)
    at Suspense
    at nu (https://framerusercontent.com/sites/5pnYXBbLKEPLW9G29DMwhJ/framer.awt7G_KF.mjs:49:73700)
    at cu (https://framerusercontent.com/sites/5pnYXBbLKEPLW9G29DMwhJ/framer.awt7G_KF.mjs:49:74364)
    at su (https://framerusercontent.com/sites/5pnYXBbLKEPLW9G29DMwhJ/framer.awt7G_KF.mjs:49:74226)
    at s (https://framerusercontent.com/sites/5pnYXBbLKEPLW9G29DMwhJ/framer.awt7G_KF.mjs:59:10242)
    at div
    at https://framerusercontent.com/sites/5pnYXBbLKEPLW9G29DMwhJ/framer.awt7G_KF.mjs:921:25580
    at https://framerusercontent.com/sites/5pnYXBbLKEPLW9G29DMwhJ/framer.awt7G_KF.mjs:83:35130
    at Kw (https://framerusercontent.com/sites/5pnYXBbLKEPLW9G29DMwhJ/framer.awt7G_KF.mjs:928:678)
    at Suspense
    at nu (https://framerusercontent.com/sites/5pnYXBbLKEPLW9G29DMwhJ/framer.awt7G_KF.mjs:49:73700)
    at cu (https://framerusercontent.com/sites/5pnYXBbLKEPLW9G29DMwhJ/framer.awt7G_KF.mjs:49:74364)
    at su (https://framerusercontent.com/sites/5pnYXBbLKEPLW9G29DMwhJ/framer.awt7G_KF.mjs:49:74226)
    at of (https://framerusercontent.com/sites/5pnYXBbLKEPLW9G29DMwhJ/motion.eL-CBXa_.mjs:9:71320)
    at Ja (https://framerusercontent.com/sites/5pnYXBbLKEPLW9G29DMwhJ/framer.awt7G_KF.mjs:49:26954)
    at div
    at s (https://framerusercontent.com/sites/5pnYXBbLKEPLW9G29DMwhJ/motion.eL-CBXa_.mjs:9:5742)
    at https://framerusercontent.com/sites/5pnYXBbLKEPLW9G29DMwhJ/framer.awt7G_KF.mjs:928:1367
    at https://framerusercontent.com/sites/5pnYXBbLKEPLW9G29DMwhJ/framer.awt7G_KF.mjs:921:30987
    at https://framerusercontent.com/sites/5pnYXBbLKEPLW9G29DMwhJ/framer.awt7G_KF.mjs:921:30800
    at div
    at div
    at div
    at div
    at div
    at div
    at div
    at s (https://framerusercontent.com/sites/5pnYXBbLKEPLW9G29DMwhJ/motion.eL-CBXa_.mjs:9:5742)
    at div
    at s (https://framerusercontent.com/sites/5pnYXBbLKEPLW9G29DMwhJ/motion.eL-CBXa_.mjs:9:5742)
    at of (https://framerusercontent.com/sites/5pnYXBbLKEPLW9G29DMwhJ/motion.eL-CBXa_.mjs:9:71320)
    at https://framerusercontent.com/sites/5pnYXBbLKEPLW9G29DMwhJ/NsKjUvTZeqrFvR5wi9mJBdJJm_6ukV79F1Lw0iZR7l0.WY3FAW_A.mjs:1:3435
    at https://framerusercontent.com/sites/5pnYXBbLKEPLW9G29DMwhJ/framer.awt7G_KF.mjs:83:35130
    at https://framerusercontent.com/sites/5pnYXBbLKEPLW9G29DMwhJ/framer.awt7G_KF.mjs:3:1056
    at div
    at s (https://framerusercontent.com/sites/5pnYXBbLKEPLW9G29DMwhJ/motion.eL-CBXa_.mjs:9:5742)
    at of (https://framerusercontent.com/sites/5pnYXBbLKEPLW9G29DMwhJ/motion.eL-CBXa_.mjs:9:71320)
    at https://framerusercontent.com/sites/5pnYXBbLKEPLW9G29DMwhJ/script_main.DGzOQ-qi.mjs:280:44037
    at https://framerusercontent.com/sites/5pnYXBbLKEPLW9G29DMwhJ/framer.awt7G_KF.mjs:83:35130
    at https://framerusercontent.com/sites/5pnYXBbLKEPLW9G29DMwhJ/framer.awt7G_KF.mjs:928:18264
    at Suspense
    at nu (https://framerusercontent.com/sites/5pnYXBbLKEPLW9G29DMwhJ/framer.awt7G_KF.mjs:49:73700)
    at _d (https://framerusercontent.com/sites/5pnYXBbLKEPLW9G29DMwhJ/framer.awt7G_KF.mjs:52:6443)
    at bl (https://framerusercontent.com/sites/5pnYXBbLKEPLW9G29DMwhJ/script_main.DGzOQ-qi.mjs:280:304920)
    at Jf (https://framerusercontent.com/sites/5pnYXBbLKEPLW9G29DMwhJ/framer.awt7G_KF.mjs:54:10416)
    at Vb (https://framerusercontent.com/sites/5pnYXBbLKEPLW9G29DMwhJ/framer.awt7G_KF.mjs:83:6367)
    at Suspense
    at nu (https://framerusercontent.com/sites/5pnYXBbLKEPLW9G29DMwhJ/framer.awt7G_KF.mjs:49:73700)
    at Vw (https://framerusercontent.com/sites/5pnYXBbLKEPLW9G29DMwhJ/framer.awt7G_KF.mjs:921:31057)
    at af (https://framerusercontent.com/sites/5pnYXBbLKEPLW9G29DMwhJ/framer.awt7G_KF.mjs:52:18105)
    at li (https://framerusercontent.com/sites/5pnYXBbLKEPLW9G29DMwhJ/framer.awt7G_KF.mjs:49:6955)
    at https://framerusercontent.com/sites/5pnYXBbLKEPLW9G29DMwhJ/framer.awt7G_KF.mjs:928:2407
    at https://framerusercontent.com/sites/5pnYXBbLKEPLW9G29DMwhJ/framer.awt7G_KF.mjs:83:35130
    at Rt (https://framerusercontent.com/sites/5pnYXBbLKEPLW9G29DMwhJ/framer.awt7G_KF.mjs:3:3254)
    at qf (https://framerusercontent.com/sites/5pnYXBbLKEPLW9G29DMwhJ/framer.awt7G_KF.mjs:54:5233)
    at cf (https://framerusercontent.com/sites/5pnYXBbLKEPLW9G29DMwhJ/framer.awt7G_KF.mjs:52:18961)
    at jE (https://framerusercontent.com/sites/5pnYXBbLKEPLW9G29DMwhJ/framer.awt7G_KF.mjs:928:18033)
    at On (https://framerusercontent.com/sites/5pnYXBbLKEPLW9G29DMwhJ/framer.awt7G_KF.mjs:7:9178)
    at ia (https://framerusercontent.com/sites/5pnYXBbLKEPLW9G29DMwhJ/motion.eL-CBXa_.mjs:9:1423)
    at Qr (https://framerusercontent.com/sites/5pnYXBbLKEPLW9G29DMwhJ/framer.awt7G_KF.mjs:49:6251)
    at rp (https://framerusercontent.com/sites/5pnYXBbLKEPLW9G29DMwhJ/framer.awt7G_KF.mjs:54:11578)
    at TT (https://framerusercontent.com/sites/5pnYXBbLKEPLW9G29DMwhJ/framer.awt7G_KF.mjs:928:7599)
    at sr (https://framerusercontent.com/sites/5pnYXBbLKEPLW9G29DMwhJ/framer.awt7G_KF.mjs:7:14711) @ https://t.peec.ai/static/posthog-recorder.js?v=1.416.0:0
[     258ms] [WARNING] Caught a recoverable error. The site is still functional, but might have some UI flickering or degraded page load performance. If you are the author of this website, update external components and check recently added custom code or code overrides to fix the following server/client mismatches:
 Error: Minified React error #418; visit https://reactjs.org/docs/error-decoder.html?invariant=418 for the full message or use the non-minified dev environment for full errors and additional helpful warnings.
    at da (https://framerusercontent.com/sites/5pnYXBbLKEPLW9G29DMwhJ/react.LucpZiGF.mjs:6:4116)
    at sp (https://framerusercontent.com/sites/5pnYXBbLKEPLW9G29DMwhJ/react.LucpZiGF.mjs:8:68259)
    at $s (https://framerusercontent.com/sites/5pnYXBbLKEPLW9G29DMwhJ/react.LucpZiGF.mjs:8:37073)
    at Qs (https://framerusercontent.com/sites/5pnYXBbLKEPLW9G29DMwhJ/react.LucpZiGF.mjs:8:37046)
    at Ls (https://framerusercontent.com/sites/5pnYXBbLKEPLW9G29DMwhJ/react.LucpZiGF.mjs:8:32130)
    at wt (https://framerusercontent.com/sites/5pnYXBbLKEPLW9G29DMwhJ/react.LucpZiGF.mjs:1:10651)
    at MessagePort.Et (https://framerusercontent.com/sites/5pnYXBbLKEPLW9G29DMwhJ/react.LucpZiGF.mjs:1:11006) 
    at span
    at div
    at div
    at div
    at div
    at xe (https://framerusercontent.com/sites/5pnYXBbLKEPLW9G29DMwhJ/SyncBillingToggle.CaSFIKVy.mjs:1:6576)
    at https://framerusercontent.com/sites/5pnYXBbLKEPLW9G29DMwhJ/SyncBillingToggle.CaSFIKVy.mjs:16:13921
    at Kw (https://framerusercontent.com/sites/5pnYXBbLKEPLW9G29DMwhJ/framer.awt7G_KF.mjs:928:678)
    at Suspense
    at nu (https://framerusercontent.com/sites/5pnYXBbLKEPLW9G29DMwhJ/framer.awt7G_KF.mjs:49:73700)
    at cu (https://framerusercontent.com/sites/5pnYXBbLKEPLW9G29DMwhJ/framer.awt7G_KF.mjs:49:74364)
    at su (https://framerusercontent.com/sites/5pnYXBbLKEPLW9G29DMwhJ/framer.awt7G_KF.mjs:49:74226)
    at s (https://framerusercontent.com/sites/5pnYXBbLKEPLW9G29DMwhJ/framer.awt7G_KF.mjs:59:10242)
    at div
    at https://framerusercontent.com/sites/5pnYXBbLKEPLW9G29DMwhJ/framer.awt7G_KF.mjs:921:25580
    at https://framerusercontent.com/sites/5pnYXBbLKEPLW9G29DMwhJ/framer.awt7G_KF.mjs:83:35130
    at Kw (https://framerusercontent.com/sites/5pnYXBbLKEPLW9G29DMwhJ/framer.awt7G_KF.mjs:928:678)
    at Suspense
    at nu (https://framerusercontent.com/sites/5pnYXBbLKEPLW9G29DMwhJ/framer.awt7G_KF.mjs:49:73700)
    at cu (https://framerusercontent.com/sites/5pnYXBbLKEPLW9G29DMwhJ/framer.awt7G_KF.mjs:49:74364)
    at su (https://framerusercontent.com/sites/5pnYXBbLKEPLW9G29DMwhJ/framer.awt7G_KF.mjs:49:74226)
    at of (https://framerusercontent.com/sites/5pnYXBbLKEPLW9G29DMwhJ/motion.eL-CBXa_.mjs:9:71320)
    at Ja (https://framerusercontent.com/sites/5pnYXBbLKEPLW9G29DMwhJ/framer.awt7G_KF.mjs:49:26954)
    at div
    at s (https://framerusercontent.com/sites/5pnYXBbLKEPLW9G29DMwhJ/motion.eL-CBXa_.mjs:9:5742)
    at https://framerusercontent.com/sites/5pnYXBbLKEPLW9G29DMwhJ/framer.awt7G_KF.mjs:928:1367
    at https://framerusercontent.com/sites/5pnYXBbLKEPLW9G29DMwhJ/framer.awt7G_KF.mjs:921:30987
    at https://framerusercontent.com/sites/5pnYXBbLKEPLW9G29DMwhJ/framer.awt7G_KF.mjs:921:30800
    at div
    at div
    at div
    at div
    at div
    at div
    at div
    at s (https://framerusercontent.com/sites/5pnYXBbLKEPLW9G29DMwhJ/motion.eL-CBXa_.mjs:9:5742)
    at div
    at s (https://framerusercontent.com/sites/5pnYXBbLKEPLW9G29DMwhJ/motion.eL-CBXa_.mjs:9:5742)
    at of (https://framerusercontent.com/sites/5pnYXBbLKEPLW9G29DMwhJ/motion.eL-CBXa_.mjs:9:71320)
    at https://framerusercontent.com/sites/5pnYXBbLKEPLW9G29DMwhJ/NsKjUvTZeqrFvR5wi9mJBdJJm_6ukV79F1Lw0iZR7l0.WY3FAW_A.mjs:1:3435
    at https://framerusercontent.com/sites/5pnYXBbLKEPLW9G29DMwhJ/framer.awt7G_KF.mjs:83:35130
    at https://framerusercontent.com/sites/5pnYXBbLKEPLW9G29DMwhJ/framer.awt7G_KF.mjs:3:1056
    at div
    at s (https://framerusercontent.com/sites/5pnYXBbLKEPLW9G29DMwhJ/motion.eL-CBXa_.mjs:9:5742)
    at of (https://framerusercontent.com/sites/5pnYXBbLKEPLW9G29DMwhJ/motion.eL-CBXa_.mjs:9:71320)
    at https://framerusercontent.com/sites/5pnYXBbLKEPLW9G29DMwhJ/script_main.DGzOQ-qi.mjs:280:44037
    at https://framerusercontent.com/sites/5pnYXBbLKEPLW9G29DMwhJ/framer.awt7G_KF.mjs:83:35130
    at https://framerusercontent.com/sites/5pnYXBbLKEPLW9G29DMwhJ/framer.awt7G_KF.mjs:928:18264
    at Suspense
    at nu (https://framerusercontent.com/sites/5pnYXBbLKEPLW9G29DMwhJ/framer.awt7G_KF.mjs:49:73700)
    at _d (https://framerusercontent.com/sites/5pnYXBbLKEPLW9G29DMwhJ/framer.awt7G_KF.mjs:52:6443)
    at bl (https://framerusercontent.com/sites/5pnYXBbLKEPLW9G29DMwhJ/script_main.DGzOQ-qi.mjs:280:304920)
    at Jf (https://framerusercontent.com/sites/5pnYXBbLKEPLW9G29DMwhJ/framer.awt7G_KF.mjs:54:10416)
    at Vb (https://framerusercontent.com/sites/5pnYXBbLKEPLW9G29DMwhJ/framer.awt7G_KF.mjs:83:6367)
    at Suspense
    at nu (https://framerusercontent.com/sites/5pnYXBbLKEPLW9G29DMwhJ/framer.awt7G_KF.mjs:49:73700)
    at Vw (https://framerusercontent.com/sites/5pnYXBbLKEPLW9G29DMwhJ/framer.awt7G_KF.mjs:921:31057)
    at af (https://framerusercontent.com/sites/5pnYXBbLKEPLW9G29DMwhJ/framer.awt7G_KF.mjs:52:18105)
    at li (https://framerusercontent.com/sites/5pnYXBbLKEPLW9G29DMwhJ/framer.awt7G_KF.mjs:49:6955)
    at https://framerusercontent.com/sites/5pnYXBbLKEPLW9G29DMwhJ/framer.awt7G_KF.mjs:928:2407
    at https://framerusercontent.com/sites/5pnYXBbLKEPLW9G29DMwhJ/framer.awt7G_KF.mjs:83:35130
    at Rt (https://framerusercontent.com/sites/5pnYXBbLKEPLW9G29DMwhJ/framer.awt7G_KF.mjs:3:3254)
    at qf (https://framerusercontent.com/sites/5pnYXBbLKEPLW9G29DMwhJ/framer.awt7G_KF.mjs:54:5233)
    at cf (https://framerusercontent.com/sites/5pnYXBbLKEPLW9G29DMwhJ/framer.awt7G_KF.mjs:52:18961)
    at jE (https://framerusercontent.com/sites/5pnYXBbLKEPLW9G29DMwhJ/framer.awt7G_KF.mjs:928:18033)
    at On (https://framerusercontent.com/sites/5pnYXBbLKEPLW9G29DMwhJ/framer.awt7G_KF.mjs:7:9178)
    at ia (https://framerusercontent.com/sites/5pnYXBbLKEPLW9G29DMwhJ/motion.eL-CBXa_.mjs:9:1423)
    at Qr (https://framerusercontent.com/sites/5pnYXBbLKEPLW9G29DMwhJ/framer.awt7G_KF.mjs:49:6251)
    at rp (https://framerusercontent.com/sites/5pnYXBbLKEPLW9G29DMwhJ/framer.awt7G_KF.mjs:54:11578)
    at TT (https://framerusercontent.com/sites/5pnYXBbLKEPLW9G29DMwhJ/framer.awt7G_KF.mjs:928:7599)
    at sr (https://framerusercontent.com/sites/5pnYXBbLKEPLW9G29DMwhJ/framer.awt7G_KF.mjs:7:14711) @ https://t.peec.ai/static/posthog-recorder.js?v=1.416.0:0
[     258ms] [WARNING] Caught a recoverable error. The site is still functional, but might have some UI flickering or degraded page load performance. If you are the author of this website, update external components and check recently added custom code or code overrides to fix the following server/client mismatches:
 Error: Minified React error #418; visit https://reactjs.org/docs/error-decoder.html?invariant=418 for the full message or use the non-minified dev environment for full errors and additional helpful warnings.
    at da (https://framerusercontent.com/sites/5pnYXBbLKEPLW9G29DMwhJ/react.LucpZiGF.mjs:6:4235)
    at sp (https://framerusercontent.com/sites/5pnYXBbLKEPLW9G29DMwhJ/react.LucpZiGF.mjs:8:68259)
    at $s (https://framerusercontent.com/sites/5pnYXBbLKEPLW9G29DMwhJ/react.LucpZiGF.mjs:8:37073)
    at Qs (https://framerusercontent.com/sites/5pnYXBbLKEPLW9G29DMwhJ/react.LucpZiGF.mjs:8:37046)
    at Ls (https://framerusercontent.com/sites/5pnYXBbLKEPLW9G29DMwhJ/react.LucpZiGF.mjs:8:32130)
    at wt (https://framerusercontent.com/sites/5pnYXBbLKEPLW9G29DMwhJ/react.LucpZiGF.mjs:1:10651)
    at MessagePort.Et (https://framerusercontent.com/sites/5pnYXBbLKEPLW9G29DMwhJ/react.LucpZiGF.mjs:1:11006) 
    at div
    at div
    at div
    at div
    at div
    at xe (https://framerusercontent.com/sites/5pnYXBbLKEPLW9G29DMwhJ/SyncBillingToggle.CaSFIKVy.mjs:1:6576)
    at https://framerusercontent.com/sites/5pnYXBbLKEPLW9G29DMwhJ/SyncBillingToggle.CaSFIKVy.mjs:16:13921
    at Kw (https://framerusercontent.com/sites/5pnYXBbLKEPLW9G29DMwhJ/framer.awt7G_KF.mjs:928:678)
    at Suspense
    at nu (https://framerusercontent.com/sites/5pnYXBbLKEPLW9G29DMwhJ/framer.awt7G_KF.mjs:49:73700)
    at cu (https://framerusercontent.com/sites/5pnYXBbLKEPLW9G29DMwhJ/framer.awt7G_KF.mjs:49:74364)
    at su (https://framerusercontent.com/sites/5pnYXBbLKEPLW9G29DMwhJ/framer.awt7G_KF.mjs:49:74226)
    at s (https://framerusercontent.com/sites/5pnYXBbLKEPLW9G29DMwhJ/framer.awt7G_KF.mjs:59:10242)
    at div
    at https://framerusercontent.com/sites/5pnYXBbLKEPLW9G29DMwhJ/framer.awt7G_KF.mjs:921:25580
    at https://framerusercontent.com/sites/5pnYXBbLKEPLW9G29DMwhJ/framer.awt7G_KF.mjs:83:35130
    at Kw (https://framerusercontent.com/sites/5pnYXBbLKEPLW9G29DMwhJ/framer.awt7G_KF.mjs:928:678)
    at Suspense
    at nu (https://framerusercontent.com/sites/5pnYXBbLKEPLW9G29DMwhJ/framer.awt7G_KF.mjs:49:73700)
    at cu (https://framerusercontent.com/sites/5pnYXBbLKEPLW9G29DMwhJ/framer.awt7G_KF.mjs:49:74364)
    at su (https://framerusercontent.com/sites/5pnYXBbLKEPLW9G29DMwhJ/framer.awt7G_KF.mjs:49:74226)
    at of (https://framerusercontent.com/sites/5pnYXBbLKEPLW9G29DMwhJ/motion.eL-CBXa_.mjs:9:71320)
    at Ja (https://framerusercontent.com/sites/5pnYXBbLKEPLW9G29DMwhJ/framer.awt7G_KF.mjs:49:26954)
    at div
    at s (https://framerusercontent.com/sites/5pnYXBbLKEPLW9G29DMwhJ/motion.eL-CBXa_.mjs:9:5742)
    at https://framerusercontent.com/sites/5pnYXBbLKEPLW9G29DMwhJ/framer.awt7G_KF.mjs:928:1367
    at https://framerusercontent.com/sites/5pnYXBbLKEPLW9G29DMwhJ/framer.awt7G_KF.mjs:921:30987
    at https://framerusercontent.com/sites/5pnYXBbLKEPLW9G29DMwhJ/framer.awt7G_KF.mjs:921:30800
    at div
    at div
    at div
    at div
    at div
    at div
    at div
    at s (https://framerusercontent.com/sites/5pnYXBbLKEPLW9G29DMwhJ/motion.eL-CBXa_.mjs:9:5742)
    at div
    at s (https://framerusercontent.com/sites/5pnYXBbLKEPLW9G29DMwhJ/motion.eL-CBXa_.mjs:9:5742)
    at of (https://framerusercontent.com/sites/5pnYXBbLKEPLW9G29DMwhJ/motion.eL-CBXa_.mjs:9:71320)
    at https://framerusercontent.com/sites/5pnYXBbLKEPLW9G29DMwhJ/NsKjUvTZeqrFvR5wi9mJBdJJm_6ukV79F1Lw0iZR7l0.WY3FAW_A.mjs:1:3435
    at https://framerusercontent.com/sites/5pnYXBbLKEPLW9G29DMwhJ/framer.awt7G_KF.mjs:83:35130
    at https://framerusercontent.com/sites/5pnYXBbLKEPLW9G29DMwhJ/framer.awt7G_KF.mjs:3:1056
    at div
    at s (https://framerusercontent.com/sites/5pnYXBbLKEPLW9G29DMwhJ/motion.eL-CBXa_.mjs:9:5742)
    at of (https://framerusercontent.com/sites/5pnYXBbLKEPLW9G29DMwhJ/motion.eL-CBXa_.mjs:9:71320)
    at https://framerusercontent.com/sites/5pnYXBbLKEPLW9G29DMwhJ/script_main.DGzOQ-qi.mjs:280:44037
    at https://framerusercontent.com/sites/5pnYXBbLKEPLW9G29DMwhJ/framer.awt7G_KF.mjs:83:35130
    at https://framerusercontent.com/sites/5pnYXBbLKEPLW9G29DMwhJ/framer.awt7G_KF.mjs:928:18264
    at Suspense
    at nu (https://framerusercontent.com/sites/5pnYXBbLKEPLW9G29DMwhJ/framer.awt7G_KF.mjs:49:73700)
    at _d (https://framerusercontent.com/sites/5pnYXBbLKEPLW9G29DMwhJ/framer.awt7G_KF.mjs:52:6443)
    at bl (https://framerusercontent.com/sites/5pnYXBbLKEPLW9G29DMwhJ/script_main.DGzOQ-qi.mjs:280:304920)
    at Jf (https://framerusercontent.com/sites/5pnYXBbLKEPLW9G29DMwhJ/framer.awt7G_KF.mjs:54:10416)
    at Vb (https://framerusercontent.com/sites/5pnYXBbLKEPLW9G29DMwhJ/framer.awt7G_KF.mjs:83:6367)
    at Suspense
    at nu (https://framerusercontent.com/sites/5pnYXBbLKEPLW9G29DMwhJ/framer.awt7G_KF.mjs:49:73700)
    at Vw (https://framerusercontent.com/sites/5pnYXBbLKEPLW9G29DMwhJ/framer.awt7G_KF.mjs:921:31057)
    at af (https://framerusercontent.com/sites/5pnYXBbLKEPLW9G29DMwhJ/framer.awt7G_KF.mjs:52:18105)
    at li (https://framerusercontent.com/sites/5pnYXBbLKEPLW9G29DMwhJ/framer.awt7G_KF.mjs:49:6955)
    at https://framerusercontent.com/sites/5pnYXBbLKEPLW9G29DMwhJ/framer.awt7G_KF.mjs:928:2407
    at https://framerusercontent.com/sites/5pnYXBbLKEPLW9G29DMwhJ/framer.awt7G_KF.mjs:83:35130
    at Rt (https://framerusercontent.com/sites/5pnYXBbLKEPLW9G29DMwhJ/framer.awt7G_KF.mjs:3:3254)
    at qf (https://framerusercontent.com/sites/5pnYXBbLKEPLW9G29DMwhJ/framer.awt7G_KF.mjs:54:5233)
    at cf (https://framerusercontent.com/sites/5pnYXBbLKEPLW9G29DMwhJ/framer.awt7G_KF.mjs:52:18961)
    at jE (https://framerusercontent.com/sites/5pnYXBbLKEPLW9G29DMwhJ/framer.awt7G_KF.mjs:928:18033)
    at On (https://framerusercontent.com/sites/5pnYXBbLKEPLW9G29DMwhJ/framer.awt7G_KF.mjs:7:9178)
    at ia (https://framerusercontent.com/sites/5pnYXBbLKEPLW9G29DMwhJ/motion.eL-CBXa_.mjs:9:1423)
    at Qr (https://framerusercontent.com/sites/5pnYXBbLKEPLW9G29DMwhJ/framer.awt7G_KF.mjs:49:6251)
    at rp (https://framerusercontent.com/sites/5pnYXBbLKEPLW9G29DMwhJ/framer.awt7G_KF.mjs:54:11578)
    at TT (https://framerusercontent.com/sites/5pnYXBbLKEPLW9G29DMwhJ/framer.awt7G_KF.mjs:928:7599)
    at sr (https://framerusercontent.com/sites/5pnYXBbLKEPLW9G29DMwhJ/framer.awt7G_KF.mjs:7:14711) @ https://t.peec.ai/static/posthog-recorder.js?v=1.416.0:0
[     258ms] [WARNING] Caught a recoverable error. The site is still functional, but might have some UI flickering or degraded page load performance. If you are the author of this website, update external components and check recently added custom code or code overrides to fix the following server/client mismatches:
 Error: Minified React error #418; visit https://reactjs.org/docs/error-decoder.html?invariant=418 for the full message or use the non-minified dev environment for full errors and additional helpful warnings.
    at da (https://framerusercontent.com/sites/5pnYXBbLKEPLW9G29DMwhJ/react.LucpZiGF.mjs:6:4235)
    at sp (https://framerusercontent.com/sites/5pnYXBbLKEPLW9G29DMwhJ/react.LucpZiGF.mjs:8:68259)
    at $s (https://framerusercontent.com/sites/5pnYXBbLKEPLW9G29DMwhJ/react.LucpZiGF.mjs:8:37073)
    at Qs (https://framerusercontent.com/sites/5pnYXBbLKEPLW9G29DMwhJ/react.LucpZiGF.mjs:8:37046)
    at Ls (https://framerusercontent.com/sites/5pnYXBbLKEPLW9G29DMwhJ/react.LucpZiGF.mjs:8:32130)
    at wt (https://framerusercontent.com/sites/5pnYXBbLKEPLW9G29DMwhJ/react.LucpZiGF.mjs:1:10651)
    at MessagePort.Et (https://framerusercontent.com/sites/5pnYXBbLKEPLW9G29DMwhJ/react.LucpZiGF.mjs:1:11006) 
    at span
    at div
    at div
    at div
    at div
    at xe (https://framerusercontent.com/sites/5pnYXBbLKEPLW9G29DMwhJ/SyncBillingToggle.CaSFIKVy.mjs:1:6576)
    at https://framerusercontent.com/sites/5pnYXBbLKEPLW9G29DMwhJ/SyncBillingToggle.CaSFIKVy.mjs:16:13921
    at Kw (https://framerusercontent.com/sites/5pnYXBbLKEPLW9G29DMwhJ/framer.awt7G_KF.mjs:928:678)
    at Suspense
    at nu (https://framerusercontent.com/sites/5pnYXBbLKEPLW9G29DMwhJ/framer.awt7G_KF.mjs:49:73700)
    at cu (https://framerusercontent.com/sites/5pnYXBbLKEPLW9G29DMwhJ/framer.awt7G_KF.mjs:49:74364)
    at su (https://framerusercontent.com/sites/5pnYXBbLKEPLW9G29DMwhJ/framer.awt7G_KF.mjs:49:74226)
    at s (https://framerusercontent.com/sites/5pnYXBbLKEPLW9G29DMwhJ/framer.awt7G_KF.mjs:59:10242)
    at div
    at https://framerusercontent.com/sites/5pnYXBbLKEPLW9G29DMwhJ/framer.awt7G_KF.mjs:921:25580
    at https://framerusercontent.com/sites/5pnYXBbLKEPLW9G29DMwhJ/framer.awt7G_KF.mjs:83:35130
    at Kw (https://framerusercontent.com/sites/5pnYXBbLKEPLW9G29DMwhJ/framer.awt7G_KF.mjs:928:678)
    at Suspense
    at nu (https://framerusercontent.com/sites/5pnYXBbLKEPLW9G29DMwhJ/framer.awt7G_KF.mjs:49:73700)
    at cu (https://framerusercontent.com/sites/5pnYXBbLKEPLW9G29DMwhJ/framer.awt7G_KF.mjs:49:74364)
    at su (https://framerusercontent.com/sites/5pnYXBbLKEPLW9G29DMwhJ/framer.awt7G_KF.mjs:49:74226)
    at of (https://framerusercontent.com/sites/5pnYXBbLKEPLW9G29DMwhJ/motion.eL-CBXa_.mjs:9:71320)
    at Ja (https://framerusercontent.com/sites/5pnYXBbLKEPLW9G29DMwhJ/framer.awt7G_KF.mjs:49:26954)
    at div
    at s (https://framerusercontent.com/sites/5pnYXBbLKEPLW9G29DMwhJ/motion.eL-CBXa_.mjs:9:5742)
    at https://framerusercontent.com/sites/5pnYXBbLKEPLW9G29DMwhJ/framer.awt7G_KF.mjs:928:1367
    at https://framerusercontent.com/sites/5pnYXBbLKEPLW9G29DMwhJ/framer.awt7G_KF.mjs:921:30987
    at https://framerusercontent.com/sites/5pnYXBbLKEPLW9G29DMwhJ/framer.awt7G_KF.mjs:921:30800
    at div
    at div
    at div
    at div
    at div
    at div
    at div
    at s (https://framerusercontent.com/sites/5pnYXBbLKEPLW9G29DMwhJ/motion.eL-CBXa_.mjs:9:5742)
    at div
    at s (https://framerusercontent.com/sites/5pnYXBbLKEPLW9G29DMwhJ/motion.eL-CBXa_.mjs:9:5742)
    at of (https://framerusercontent.com/sites/5pnYXBbLKEPLW9G29DMwhJ/motion.eL-CBXa_.mjs:9:71320)
    at https://framerusercontent.com/sites/5pnYXBbLKEPLW9G29DMwhJ/NsKjUvTZeqrFvR5wi9mJBdJJm_6ukV79F1Lw0iZR7l0.WY3FAW_A.mjs:1:3435
    at https://framerusercontent.com/sites/5pnYXBbLKEPLW9G29DMwhJ/framer.awt7G_KF.mjs:83:35130
    at https://framerusercontent.com/sites/5pnYXBbLKEPLW9G29DMwhJ/framer.awt7G_KF.mjs:3:1056
    at div
    at s (https://framerusercontent.com/sites/5pnYXBbLKEPLW9G29DMwhJ/motion.eL-CBXa_.mjs:9:5742)
    at of (https://framerusercontent.com/sites/5pnYXBbLKEPLW9G29DMwhJ/motion.eL-CBXa_.mjs:9:71320)
    at https://framerusercontent.com/sites/5pnYXBbLKEPLW9G29DMwhJ/script_main.DGzOQ-qi.mjs:280:44037
    at https://framerusercontent.com/sites/5pnYXBbLKEPLW9G29DMwhJ/framer.awt7G_KF.mjs:83:35130
    at https://framerusercontent.com/sites/5pnYXBbLKEPLW9G29DMwhJ/framer.awt7G_KF.mjs:928:18264
    at Suspense
    at nu (https://framerusercontent.com/sites/5pnYXBbLKEPLW9G29DMwhJ/framer.awt7G_KF.mjs:49:73700)
    at _d (https://framerusercontent.com/sites/5pnYXBbLKEPLW9G29DMwhJ/framer.awt7G_KF.mjs:52:6443)
    at bl (https://framerusercontent.com/sites/5pnYXBbLKEPLW9G29DMwhJ/script_main.DGzOQ-qi.mjs:280:304920)
    at Jf (https://framerusercontent.com/sites/5pnYXBbLKEPLW9G29DMwhJ/framer.awt7G_KF.mjs:54:10416)
    at Vb (https://framerusercontent.com/sites/5pnYXBbLKEPLW9G29DMwhJ/framer.awt7G_KF.mjs:83:6367)
    at Suspense
    at nu (https://framerusercontent.com/sites/5pnYXBbLKEPLW9G29DMwhJ/framer.awt7G_KF.mjs:49:73700)
    at Vw (https://framerusercontent.com/sites/5pnYXBbLKEPLW9G29DMwhJ/framer.awt7G_KF.mjs:921:31057)
    at af (https://framerusercontent.com/sites/5pnYXBbLKEPLW9G29DMwhJ/framer.awt7G_KF.mjs:52:18105)
    at li (https://framerusercontent.com/sites/5pnYXBbLKEPLW9G29DMwhJ/framer.awt7G_KF.mjs:49:6955)
    at https://framerusercontent.com/sites/5pnYXBbLKEPLW9G29DMwhJ/framer.awt7G_KF.mjs:928:2407
    at https://framerusercontent.com/sites/5pnYXBbLKEPLW9G29DMwhJ/framer.awt7G_KF.mjs:83:35130
    at Rt (https://framerusercontent.com/sites/5pnYXBbLKEPLW9G29DMwhJ/framer.awt7G_KF.mjs:3:3254)
    at qf (https://framerusercontent.com/sites/5pnYXBbLKEPLW9G29DMwhJ/framer.awt7G_KF.mjs:54:5233)
    at cf (https://framerusercontent.com/sites/5pnYXBbLKEPLW9G29DMwhJ/framer.awt7G_KF.mjs:52:18961)
    at jE (https://framerusercontent.com/sites/5pnYXBbLKEPLW9G29DMwhJ/framer.awt7G_KF.mjs:928:18033)
    at On (https://framerusercontent.com/sites/5pnYXBbLKEPLW9G29DMwhJ/framer.awt7G_KF.mjs:7:9178)
    at ia (https://framerusercontent.com/sites/5pnYXBbLKEPLW9G29DMwhJ/motion.eL-CBXa_.mjs:9:1423)
    at Qr (https://framerusercontent.com/sites/5pnYXBbLKEPLW9G29DMwhJ/framer.awt7G_KF.mjs:49:6251)
    at rp (https://framerusercontent.com/sites/5pnYXBbLKEPLW9G29DMwhJ/framer.awt7G_KF.mjs:54:11578)
    at TT (https://framerusercontent.com/sites/5pnYXBbLKEPLW9G29DMwhJ/framer.awt7G_KF.mjs:928:7599)
    at sr (https://framerusercontent.com/sites/5pnYXBbLKEPLW9G29DMwhJ/framer.awt7G_KF.mjs:7:14711) @ https://t.peec.ai/static/posthog-recorder.js?v=1.416.0:0
[     258ms] [WARNING] Caught a recoverable error. The site is still functional, but might have some UI flickering or degraded page load performance. If you are the author of this website, update external components and check recently added custom code or code overrides to fix the following server/client mismatches:
 Error: Minified React error #418; visit https://reactjs.org/docs/error-decoder.html?invariant=418 for the full message or use the non-minified dev environment for full errors and additional helpful warnings.
    at da (https://framerusercontent.com/sites/5pnYXBbLKEPLW9G29DMwhJ/react.LucpZiGF.mjs:6:4235)
    at sp (https://framerusercontent.com/sites/5pnYXBbLKEPLW9G29DMwhJ/react.LucpZiGF.mjs:8:68259)
    at $s (https://framerusercontent.com/sites/5pnYXBbLKEPLW9G29DMwhJ/react.LucpZiGF.mjs:8:37073)
    at Qs (https://framerusercontent.com/sites/5pnYXBbLKEPLW9G29DMwhJ/react.LucpZiGF.mjs:8:37046)
    at Ls (https://framerusercontent.com/sites/5pnYXBbLKEPLW9G29DMwhJ/react.LucpZiGF.mjs:8:32130)
    at wt (https://framerusercontent.com/sites/5pnYXBbLKEPLW9G29DMwhJ/react.LucpZiGF.mjs:1:10651)
    at MessagePort.Et (https://framerusercontent.com/sites/5pnYXBbLKEPLW9G29DMwhJ/react.LucpZiGF.mjs:1:11006) 
    at svg
    at div
    at div
    at div
    at div
    at xe (https://framerusercontent.com/sites/5pnYXBbLKEPLW9G29DMwhJ/SyncBillingToggle.CaSFIKVy.mjs:1:6576)
    at https://framerusercontent.com/sites/5pnYXBbLKEPLW9G29DMwhJ/SyncBillingToggle.CaSFIKVy.mjs:16:13921
    at Kw (https://framerusercontent.com/sites/5pnYXBbLKEPLW9G29DMwhJ/framer.awt7G_KF.mjs:928:678)
    at Suspense
    at nu (https://framerusercontent.com/sites/5pnYXBbLKEPLW9G29DMwhJ/framer.awt7G_KF.mjs:49:73700)
    at cu (https://framerusercontent.com/sites/5pnYXBbLKEPLW9G29DMwhJ/framer.awt7G_KF.mjs:49:74364)
    at su (https://framerusercontent.com/sites/5pnYXBbLKEPLW9G29DMwhJ/framer.awt7G_KF.mjs:49:74226)
    at s (https://framerusercontent.com/sites/5pnYXBbLKEPLW9G29DMwhJ/framer.awt7G_KF.mjs:59:10242)
    at div
    at https://framerusercontent.com/sites/5pnYXBbLKEPLW9G29DMwhJ/framer.awt7G_KF.mjs:921:25580
    at https://framerusercontent.com/sites/5pnYXBbLKEPLW9G29DMwhJ/framer.awt7G_KF.mjs:83:35130
    at Kw (https://framerusercontent.com/sites/5pnYXBbLKEPLW9G29DMwhJ/framer.awt7G_KF.mjs:928:678)
    at Suspense
    at nu (https://framerusercontent.com/sites/5pnYXBbLKEPLW9G29DMwhJ/framer.awt7G_KF.mjs:49:73700)
    at cu (https://framerusercontent.com/sites/5pnYXBbLKEPLW9G29DMwhJ/framer.awt7G_KF.mjs:49:74364)
    at su (https://framerusercontent.com/sites/5pnYXBbLKEPLW9G29DMwhJ/framer.awt7G_KF.mjs:49:74226)
    at of (https://framerusercontent.com/sites/5pnYXBbLKEPLW9G29DMwhJ/motion.eL-CBXa_.mjs:9:71320)
    at Ja (https://framerusercontent.com/sites/5pnYXBbLKEPLW9G29DMwhJ/framer.awt7G_KF.mjs:49:26954)
    at div
    at s (https://framerusercontent.com/sites/5pnYXBbLKEPLW9G29DMwhJ/motion.eL-CBXa_.mjs:9:5742)
    at https://framerusercontent.com/sites/5pnYXBbLKEPLW9G29DMwhJ/framer.awt7G_KF.mjs:928:1367
    at https://framerusercontent.com/sites/5pnYXBbLKEPLW9G29DMwhJ/framer.awt7G_KF.mjs:921:30987
    at https://framerusercontent.com/sites/5pnYXBbLKEPLW9G29DMwhJ/framer.awt7G_KF.mjs:921:30800
    at div
    at div
    at div
    at div
    at div
    at div
    at div
    at s (https://framerusercontent.com/sites/5pnYXBbLKEPLW9G29DMwhJ/motion.eL-CBXa_.mjs:9:5742)
    at div
    at s (https://framerusercontent.com/sites/5pnYXBbLKEPLW9G29DMwhJ/motion.eL-CBXa_.mjs:9:5742)
    at of (https://framerusercontent.com/sites/5pnYXBbLKEPLW9G29DMwhJ/motion.eL-CBXa_.mjs:9:71320)
    at https://framerusercontent.com/sites/5pnYXBbLKEPLW9G29DMwhJ/NsKjUvTZeqrFvR5wi9mJBdJJm_6ukV79F1Lw0iZR7l0.WY3FAW_A.mjs:1:3435
    at https://framerusercontent.com/sites/5pnYXBbLKEPLW9G29DMwhJ/framer.awt7G_KF.mjs:83:35130
    at https://framerusercontent.com/sites/5pnYXBbLKEPLW9G29DMwhJ/framer.awt7G_KF.mjs:3:1056
    at div
    at s (https://framerusercontent.com/sites/5pnYXBbLKEPLW9G29DMwhJ/motion.eL-CBXa_.mjs:9:5742)
    at of (https://framerusercontent.com/sites/5pnYXBbLKEPLW9G29DMwhJ/motion.eL-CBXa_.mjs:9:71320)
    at https://framerusercontent.com/sites/5pnYXBbLKEPLW9G29DMwhJ/script_main.DGzOQ-qi.mjs:280:44037
    at https://framerusercontent.com/sites/5pnYXBbLKEPLW9G29DMwhJ/framer.awt7G_KF.mjs:83:35130
    at https://framerusercontent.com/sites/5pnYXBbLKEPLW9G29DMwhJ/framer.awt7G_KF.mjs:928:18264
    at Suspense
    at nu (https://framerusercontent.com/sites/5pnYXBbLKEPLW9G29DMwhJ/framer.awt7G_KF.mjs:49:73700)
    at _d (https://framerusercontent.com/sites/5pnYXBbLKEPLW9G29DMwhJ/framer.awt7G_KF.mjs:52:6443)
    at bl (https://framerusercontent.com/sites/5pnYXBbLKEPLW9G29DMwhJ/script_main.DGzOQ-qi.mjs:280:304920)
    at Jf (https://framerusercontent.com/sites/5pnYXBbLKEPLW9G29DMwhJ/framer.awt7G_KF.mjs:54:10416)
    at Vb (https://framerusercontent.com/sites/5pnYXBbLKEPLW9G29DMwhJ/framer.awt7G_KF.mjs:83:6367)
    at Suspense
    at nu (https://framerusercontent.com/sites/5pnYXBbLKEPLW9G29DMwhJ/framer.awt7G_KF.mjs:49:73700)
    at Vw (https://framerusercontent.com/sites/5pnYXBbLKEPLW9G29DMwhJ/framer.awt7G_KF.mjs:921:31057)
    at af (https://framerusercontent.com/sites/5pnYXBbLKEPLW9G29DMwhJ/framer.awt7G_KF.mjs:52:18105)
    at li (https://framerusercontent.com/sites/5pnYXBbLKEPLW9G29DMwhJ/framer.awt7G_KF.mjs:49:6955)
    at https://framerusercontent.com/sites/5pnYXBbLKEPLW9G29DMwhJ/framer.awt7G_KF.mjs:928:2407
    at https://framerusercontent.com/sites/5pnYXBbLKEPLW9G29DMwhJ/framer.awt7G_KF.mjs:83:35130
    at Rt (https://framerusercontent.com/sites/5pnYXBbLKEPLW9G29DMwhJ/framer.awt7G_KF.mjs:3:3254)
    at qf (https://framerusercontent.com/sites/5pnYXBbLKEPLW9G29DMwhJ/framer.awt7G_KF.mjs:54:5233)
    at cf (https://framerusercontent.com/sites/5pnYXBbLKEPLW9G29DMwhJ/framer.awt7G_KF.mjs:52:18961)
    at jE (https://framerusercontent.com/sites/5pnYXBbLKEPLW9G29DMwhJ/framer.awt7G_KF.mjs:928:18033)
    at On (https://framerusercontent.com/sites/5pnYXBbLKEPLW9G29DMwhJ/framer.awt7G_KF.mjs:7:9178)
    at ia (https://framerusercontent.com/sites/5pnYXBbLKEPLW9G29DMwhJ/motion.eL-CBXa_.mjs:9:1423)
    at Qr (https://framerusercontent.com/sites/5pnYXBbLKEPLW9G29DMwhJ/framer.awt7G_KF.mjs:49:6251)
    at rp (https://framerusercontent.com/sites/5pnYXBbLKEPLW9G29DMwhJ/framer.awt7G_KF.mjs:54:11578)
    at TT (https://framerusercontent.com/sites/5pnYXBbLKEPLW9G29DMwhJ/framer.awt7G_KF.mjs:928:7599)
    at sr (https://framerusercontent.com/sites/5pnYXBbLKEPLW9G29DMwhJ/framer.awt7G_KF.mjs:7:14711) @ https://t.peec.ai/static/posthog-recorder.js?v=1.416.0:0
[     259ms] [WARNING] Caught a recoverable error. The site is still functional, but might have some UI flickering or degraded page load performance. If you are the author of this website, update external components and check recently added custom code or code overrides to fix the following server/client mismatches:
 Error: Minified React error #418; visit https://reactjs.org/docs/error-decoder.html?invariant=418 for the full message or use the non-minified dev environment for full errors and additional helpful warnings.
    at da (https://framerusercontent.com/sites/5pnYXBbLKEPLW9G29DMwhJ/react.LucpZiGF.mjs:6:4235)
    at sp (https://framerusercontent.com/sites/5pnYXBbLKEPLW9G29DMwhJ/react.LucpZiGF.mjs:8:68259)
    at $s (https://framerusercontent.com/sites/5pnYXBbLKEPLW9G29DMwhJ/react.LucpZiGF.mjs:8:37073)
    at Qs (https://framerusercontent.com/sites/5pnYXBbLKEPLW9G29DMwhJ/react.LucpZiGF.mjs:8:37046)
    at Ls (https://framerusercontent.com/sites/5pnYXBbLKEPLW9G29DMwhJ/react.LucpZiGF.mjs:8:32130)
    at wt (https://framerusercontent.com/sites/5pnYXBbLKEPLW9G29DMwhJ/react.LucpZiGF.mjs:1:10651)
    at MessagePort.Et (https://framerusercontent.com/sites/5pnYXBbLKEPLW9G29DMwhJ/react.LucpZiGF.mjs:1:11006) 
    at div
    at div
    at div
    at xe (https://framerusercontent.com/sites/5pnYXBbLKEPLW9G29DMwhJ/SyncBillingToggle.CaSFIKVy.mjs:1:6576)
    at https://framerusercontent.com/sites/5pnYXBbLKEPLW9G29DMwhJ/SyncBillingToggle.CaSFIKVy.mjs:16:13921
    at Kw (https://framerusercontent.com/sites/5pnYXBbLKEPLW9G29DMwhJ/framer.awt7G_KF.mjs:928:678)
    at Suspense
    at nu (https://framerusercontent.com/sites/5pnYXBbLKEPLW9G29DMwhJ/framer.awt7G_KF.mjs:49:73700)
    at cu (https://framerusercontent.com/sites/5pnYXBbLKEPLW9G29DMwhJ/framer.awt7G_KF.mjs:49:74364)
    at su (https://framerusercontent.com/sites/5pnYXBbLKEPLW9G29DMwhJ/framer.awt7G_KF.mjs:49:74226)
    at s (https://framerusercontent.com/sites/5pnYXBbLKEPLW9G29DMwhJ/framer.awt7G_KF.mjs:59:10242)
    at div
    at https://framerusercontent.com/sites/5pnYXBbLKEPLW9G29DMwhJ/framer.awt7G_KF.mjs:921:25580
    at https://framerusercontent.com/sites/5pnYXBbLKEPLW9G29DMwhJ/framer.awt7G_KF.mjs:83:35130
    at Kw (https://framerusercontent.com/sites/5pnYXBbLKEPLW9G29DMwhJ/framer.awt7G_KF.mjs:928:678)
    at Suspense
    at nu (https://framerusercontent.com/sites/5pnYXBbLKEPLW9G29DMwhJ/framer.awt7G_KF.mjs:49:73700)
    at cu (https://framerusercontent.com/sites/5pnYXBbLKEPLW9G29DMwhJ/framer.awt7G_KF.mjs:49:74364)
    at su (https://framerusercontent.com/sites/5pnYXBbLKEPLW9G29DMwhJ/framer.awt7G_KF.mjs:49:74226)
    at of (https://framerusercontent.com/sites/5pnYXBbLKEPLW9G29DMwhJ/motion.eL-CBXa_.mjs:9:71320)
    at Ja (https://framerusercontent.com/sites/5pnYXBbLKEPLW9G29DMwhJ/framer.awt7G_KF.mjs:49:26954)
    at div
    at s (https://framerusercontent.com/sites/5pnYXBbLKEPLW9G29DMwhJ/motion.eL-CBXa_.mjs:9:5742)
    at https://framerusercontent.com/sites/5pnYXBbLKEPLW9G29DMwhJ/framer.awt7G_KF.mjs:928:1367
    at https://framerusercontent.com/sites/5pnYXBbLKEPLW9G29DMwhJ/framer.awt7G_KF.mjs:921:30987
    at https://framerusercontent.com/sites/5pnYXBbLKEPLW9G29DMwhJ/framer.awt7G_KF.mjs:921:30800
    at div
    at div
    at div
    at div
    at div
    at div
    at div
    at s (https://framerusercontent.com/sites/5pnYXBbLKEPLW9G29DMwhJ/motion.eL-CBXa_.mjs:9:5742)
    at div
    at s (https://framerusercontent.com/sites/5pnYXBbLKEPLW9G29DMwhJ/motion.eL-CBXa_.mjs:9:5742)
    at of (https://framerusercontent.com/sites/5pnYXBbLKEPLW9G29DMwhJ/motion.eL-CBXa_.mjs:9:71320)
    at https://framerusercontent.com/sites/5pnYXBbLKEPLW9G29DMwhJ/NsKjUvTZeqrFvR5wi9mJBdJJm_6ukV79F1Lw0iZR7l0.WY3FAW_A.mjs:1:3435
    at https://framerusercontent.com/sites/5pnYXBbLKEPLW9G29DMwhJ/framer.awt7G_KF.mjs:83:35130
    at https://framerusercontent.com/sites/5pnYXBbLKEPLW9G29DMwhJ/framer.awt7G_KF.mjs:3:1056
    at div
    at s (https://framerusercontent.com/sites/5pnYXBbLKEPLW9G29DMwhJ/motion.eL-CBXa_.mjs:9:5742)
    at of (https://framerusercontent.com/sites/5pnYXBbLKEPLW9G29DMwhJ/motion.eL-CBXa_.mjs:9:71320)
    at https://framerusercontent.com/sites/5pnYXBbLKEPLW9G29DMwhJ/script_main.DGzOQ-qi.mjs:280:44037
    at https://framerusercontent.com/sites/5pnYXBbLKEPLW9G29DMwhJ/framer.awt7G_KF.mjs:83:35130
    at https://framerusercontent.com/sites/5pnYXBbLKEPLW9G29DMwhJ/framer.awt7G_KF.mjs:928:18264
    at Suspense
    at nu (https://framerusercontent.com/sites/5pnYXBbLKEPLW9G29DMwhJ/framer.awt7G_KF.mjs:49:73700)
    at _d (https://framerusercontent.com/sites/5pnYXBbLKEPLW9G29DMwhJ/framer.awt7G_KF.mjs:52:6443)
    at bl (https://framerusercontent.com/sites/5pnYXBbLKEPLW9G29DMwhJ/script_main.DGzOQ-qi.mjs:280:304920)
    at Jf (https://framerusercontent.com/sites/5pnYXBbLKEPLW9G29DMwhJ/framer.awt7G_KF.mjs:54:10416)
    at Vb (https://framerusercontent.com/sites/5pnYXBbLKEPLW9G29DMwhJ/framer.awt7G_KF.mjs:83:6367)
    at Suspense
    at nu (https://framerusercontent.com/sites/5pnYXBbLKEPLW9G29DMwhJ/framer.awt7G_KF.mjs:49:73700)
    at Vw (https://framerusercontent.com/sites/5pnYXBbLKEPLW9G29DMwhJ/framer.awt7G_KF.mjs:921:31057)
    at af (https://framerusercontent.com/sites/5pnYXBbLKEPLW9G29DMwhJ/framer.awt7G_KF.mjs:52:18105)
    at li (https://framerusercontent.com/sites/5pnYXBbLKEPLW9G29DMwhJ/framer.awt7G_KF.mjs:49:6955)
    at https://framerusercontent.com/sites/5pnYXBbLKEPLW9G29DMwhJ/framer.awt7G_KF.mjs:928:2407
    at https://framerusercontent.com/sites/5pnYXBbLKEPLW9G29DMwhJ/framer.awt7G_KF.mjs:83:35130
    at Rt (https://framerusercontent.com/sites/5pnYXBbLKEPLW9G29DMwhJ/framer.awt7G_KF.mjs:3:3254)
    at qf (https://framerusercontent.com/sites/5pnYXBbLKEPLW9G29DMwhJ/framer.awt7G_KF.mjs:54:5233)
    at cf (https://framerusercontent.com/sites/5pnYXBbLKEPLW9G29DMwhJ/framer.awt7G_KF.mjs:52:18961)
    at jE (https://framerusercontent.com/sites/5pnYXBbLKEPLW9G29DMwhJ/framer.awt7G_KF.mjs:928:18033)
    at On (https://framerusercontent.com/sites/5pnYXBbLKEPLW9G29DMwhJ/framer.awt7G_KF.mjs:7:9178)
    at ia (https://framerusercontent.com/sites/5pnYXBbLKEPLW9G29DMwhJ/motion.eL-CBXa_.mjs:9:1423)
    at Qr (https://framerusercontent.com/sites/5pnYXBbLKEPLW9G29DMwhJ/framer.awt7G_KF.mjs:49:6251)
    at rp (https://framerusercontent.com/sites/5pnYXBbLKEPLW9G29DMwhJ/framer.awt7G_KF.mjs:54:11578)
    at TT (https://framerusercontent.com/sites/5pnYXBbLKEPLW9G29DMwhJ/framer.awt7G_KF.mjs:928:7599)
    at sr (https://framerusercontent.com/sites/5pnYXBbLKEPLW9G29DMwhJ/framer.awt7G_KF.mjs:7:14711) @ https://t.peec.ai/static/posthog-recorder.js?v=1.416.0:0
[     259ms] [WARNING] Caught a recoverable error. The site is still functional, but might have some UI flickering or degraded page load performance. If you are the author of this website, update external components and check recently added custom code or code overrides to fix the following server/client mismatches:
 Error: Minified React error #418; visit https://reactjs.org/docs/error-decoder.html?invariant=418 for the full message or use the non-minified dev environment for full errors and additional helpful warnings.
    at da (https://framerusercontent.com/sites/5pnYXBbLKEPLW9G29DMwhJ/react.LucpZiGF.mjs:6:4235)
    at sp (https://framerusercontent.com/sites/5pnYXBbLKEPLW9G29DMwhJ/react.LucpZiGF.mjs:8:68259)
    at $s (https://framerusercontent.com/sites/5pnYXBbLKEPLW9G29DMwhJ/react.LucpZiGF.mjs:8:37073)
    at Qs (https://framerusercontent.com/sites/5pnYXBbLKEPLW9G29DMwhJ/react.LucpZiGF.mjs:8:37046)
    at Ls (https://framerusercontent.com/sites/5pnYXBbLKEPLW9G29DMwhJ/react.LucpZiGF.mjs:8:32130)
    at wt (https://framerusercontent.com/sites/5pnYXBbLKEPLW9G29DMwhJ/react.LucpZiGF.mjs:1:10651)
    at MessagePort.Et (https://framerusercontent.com/sites/5pnYXBbLKEPLW9G29DMwhJ/react.LucpZiGF.mjs:1:11006) 
    at div
    at div
    at div
    at xe (https://framerusercontent.com/sites/5pnYXBbLKEPLW9G29DMwhJ/SyncBillingToggle.CaSFIKVy.mjs:1:6576)
    at https://framerusercontent.com/sites/5pnYXBbLKEPLW9G29DMwhJ/SyncBillingToggle.CaSFIKVy.mjs:16:13921
    at Kw (https://framerusercontent.com/sites/5pnYXBbLKEPLW9G29DMwhJ/framer.awt7G_KF.mjs:928:678)
    at Suspense
    at nu (https://framerusercontent.com/sites/5pnYXBbLKEPLW9G29DMwhJ/framer.awt7G_KF.mjs:49:73700)
    at cu (https://framerusercontent.com/sites/5pnYXBbLKEPLW9G29DMwhJ/framer.awt7G_KF.mjs:49:74364)
    at su (https://framerusercontent.com/sites/5pnYXBbLKEPLW9G29DMwhJ/framer.awt7G_KF.mjs:49:74226)
    at s (https://framerusercontent.com/sites/5pnYXBbLKEPLW9G29DMwhJ/framer.awt7G_KF.mjs:59:10242)
    at div
    at https://framerusercontent.com/sites/5pnYXBbLKEPLW9G29DMwhJ/framer.awt7G_KF.mjs:921:25580
    at https://framerusercontent.com/sites/5pnYXBbLKEPLW9G29DMwhJ/framer.awt7G_KF.mjs:83:35130
    at Kw (https://framerusercontent.com/sites/5pnYXBbLKEPLW9G29DMwhJ/framer.awt7G_KF.mjs:928:678)
    at Suspense
    at nu (https://framerusercontent.com/sites/5pnYXBbLKEPLW9G29DMwhJ/framer.awt7G_KF.mjs:49:73700)
    at cu (https://framerusercontent.com/sites/5pnYXBbLKEPLW9G29DMwhJ/framer.awt7G_KF.mjs:49:74364)
    at su (https://framerusercontent.com/sites/5pnYXBbLKEPLW9G29DMwhJ/framer.awt7G_KF.mjs:49:74226)
    at of (https://framerusercontent.com/sites/5pnYXBbLKEPLW9G29DMwhJ/motion.eL-CBXa_.mjs:9:71320)
    at Ja (https://framerusercontent.com/sites/5pnYXBbLKEPLW9G29DMwhJ/framer.awt7G_KF.mjs:49:26954)
    at div
    at s (https://framerusercontent.com/sites/5pnYXBbLKEPLW9G29DMwhJ/motion.eL-CBXa_.mjs:9:5742)
    at https://framerusercontent.com/sites/5pnYXBbLKEPLW9G29DMwhJ/framer.awt7G_KF.mjs:928:1367
    at https://framerusercontent.com/sites/5pnYXBbLKEPLW9G29DMwhJ/framer.awt7G_KF.mjs:921:30987
    at https://framerusercontent.com/sites/5pnYXBbLKEPLW9G29DMwhJ/framer.awt7G_KF.mjs:921:30800
    at div
    at div
    at div
    at div
    at div
    at div
    at div
    at s (https://framerusercontent.com/sites/5pnYXBbLKEPLW9G29DMwhJ/motion.eL-CBXa_.mjs:9:5742)
    at div
    at s (https://framerusercontent.com/sites/5pnYXBbLKEPLW9G29DMwhJ/motion.eL-CBXa_.mjs:9:5742)
    at of (https://framerusercontent.com/sites/5pnYXBbLKEPLW9G29DMwhJ/motion.eL-CBXa_.mjs:9:71320)
    at https://framerusercontent.com/sites/5pnYXBbLKEPLW9G29DMwhJ/NsKjUvTZeqrFvR5wi9mJBdJJm_6ukV79F1Lw0iZR7l0.WY3FAW_A.mjs:1:3435
    at https://framerusercontent.com/sites/5pnYXBbLKEPLW9G29DMwhJ/framer.awt7G_KF.mjs:83:35130
    at https://framerusercontent.com/sites/5pnYXBbLKEPLW9G29DMwhJ/framer.awt7G_KF.mjs:3:1056
    at div
    at s (https://framerusercontent.com/sites/5pnYXBbLKEPLW9G29DMwhJ/motion.eL-CBXa_.mjs:9:5742)
    at of (https://framerusercontent.com/sites/5pnYXBbLKEPLW9G29DMwhJ/motion.eL-CBXa_.mjs:9:71320)
    at https://framerusercontent.com/sites/5pnYXBbLKEPLW9G29DMwhJ/script_main.DGzOQ-qi.mjs:280:44037
    at https://framerusercontent.com/sites/5pnYXBbLKEPLW9G29DMwhJ/framer.awt7G_KF.mjs:83:35130
    at https://framerusercontent.com/sites/5pnYXBbLKEPLW9G29DMwhJ/framer.awt7G_KF.mjs:928:18264
    at Suspense
    at nu (https://framerusercontent.com/sites/5pnYXBbLKEPLW9G29DMwhJ/framer.awt7G_KF.mjs:49:73700)
    at _d (https://framerusercontent.com/sites/5pnYXBbLKEPLW9G29DMwhJ/framer.awt7G_KF.mjs:52:6443)
    at bl (https://framerusercontent.com/sites/5pnYXBbLKEPLW9G29DMwhJ/script_main.DGzOQ-qi.mjs:280:304920)
    at Jf (https://framerusercontent.com/sites/5pnYXBbLKEPLW9G29DMwhJ/framer.awt7G_KF.mjs:54:10416)
    at Vb (https://framerusercontent.com/sites/5pnYXBbLKEPLW9G29DMwhJ/framer.awt7G_KF.mjs:83:6367)
    at Suspense
    at nu (https://framerusercontent.com/sites/5pnYXBbLKEPLW9G29DMwhJ/framer.awt7G_KF.mjs:49:73700)
    at Vw (https://framerusercontent.com/sites/5pnYXBbLKEPLW9G29DMwhJ/framer.awt7G_KF.mjs:921:31057)
    at af (https://framerusercontent.com/sites/5pnYXBbLKEPLW9G29DMwhJ/framer.awt7G_KF.mjs:52:18105)
    at li (https://framerusercontent.com/sites/5pnYXBbLKEPLW9G29DMwhJ/framer.awt7G_KF.mjs:49:6955)
    at https://framerusercontent.com/sites/5pnYXBbLKEPLW9G29DMwhJ/framer.awt7G_KF.mjs:928:2407
    at https://framerusercontent.com/sites/5pnYXBbLKEPLW9G29DMwhJ/framer.awt7G_KF.mjs:83:35130
    at Rt (https://framerusercontent.com/sites/5pnYXBbLKEPLW9G29DMwhJ/framer.awt7G_KF.mjs:3:3254)
    at qf (https://framerusercontent.com/sites/5pnYXBbLKEPLW9G29DMwhJ/framer.awt7G_KF.mjs:54:5233)
    at cf (https://framerusercontent.com/sites/5pnYXBbLKEPLW9G29DMwhJ/framer.awt7G_KF.mjs:52:18961)
    at jE (https://framerusercontent.com/sites/5pnYXBbLKEPLW9G29DMwhJ/framer.awt7G_KF.mjs:928:18033)
    at On (https://framerusercontent.com/sites/5pnYXBbLKEPLW9G29DMwhJ/framer.awt7G_KF.mjs:7:9178)
    at ia (https://framerusercontent.com/sites/5pnYXBbLKEPLW9G29DMwhJ/motion.eL-CBXa_.mjs:9:1423)
    at Qr (https://framerusercontent.com/sites/5pnYXBbLKEPLW9G29DMwhJ/framer.awt7G_KF.mjs:49:6251)
    at rp (https://framerusercontent.com/sites/5pnYXBbLKEPLW9G29DMwhJ/framer.awt7G_KF.mjs:54:11578)
    at TT (https://framerusercontent.com/sites/5pnYXBbLKEPLW9G29DMwhJ/framer.awt7G_KF.mjs:928:7599)
    at sr (https://framerusercontent.com/sites/5pnYXBbLKEPLW9G29DMwhJ/framer.awt7G_KF.mjs:7:14711) @ https://t.peec.ai/static/posthog-recorder.js?v=1.416.0:0
[     259ms] [WARNING] Caught a recoverable error. The site is still functional, but might have some UI flickering or degraded page load performance. If you are the author of this website, update external components and check recently added custom code or code overrides to fix the following server/client mismatches:
 Error: Minified React error #418; visit https://reactjs.org/docs/error-decoder.html?invariant=418 for the full message or use the non-minified dev environment for full errors and additional helpful warnings.
    at da (https://framerusercontent.com/sites/5pnYXBbLKEPLW9G29DMwhJ/react.LucpZiGF.mjs:6:4235)
    at sp (https://framerusercontent.com/sites/5pnYXBbLKEPLW9G29DMwhJ/react.LucpZiGF.mjs:8:68259)
    at $s (https://framerusercontent.com/sites/5pnYXBbLKEPLW9G29DMwhJ/react.LucpZiGF.mjs:8:37073)
    at Qs (https://framerusercontent.com/sites/5pnYXBbLKEPLW9G29DMwhJ/react.LucpZiGF.mjs:8:37046)
    at Ls (https://framerusercontent.com/sites/5pnYXBbLKEPLW9G29DMwhJ/react.LucpZiGF.mjs:8:32130)
    at wt (https://framerusercontent.com/sites/5pnYXBbLKEPLW9G29DMwhJ/react.LucpZiGF.mjs:1:10651)
    at MessagePort.Et (https://framerusercontent.com/sites/5pnYXBbLKEPLW9G29DMwhJ/react.LucpZiGF.mjs:1:11006) 
    at p
    at div
    at div
    at xe (https://framerusercontent.com/sites/5pnYXBbLKEPLW9G29DMwhJ/SyncBillingToggle.CaSFIKVy.mjs:1:6576)
    at https://framerusercontent.com/sites/5pnYXBbLKEPLW9G29DMwhJ/SyncBillingToggle.CaSFIKVy.mjs:16:13921
    at Kw (https://framerusercontent.com/sites/5pnYXBbLKEPLW9G29DMwhJ/framer.awt7G_KF.mjs:928:678)
    at Suspense
    at nu (https://framerusercontent.com/sites/5pnYXBbLKEPLW9G29DMwhJ/framer.awt7G_KF.mjs:49:73700)
    at cu (https://framerusercontent.com/sites/5pnYXBbLKEPLW9G29DMwhJ/framer.awt7G_KF.mjs:49:74364)
    at su (https://framerusercontent.com/sites/5pnYXBbLKEPLW9G29DMwhJ/framer.awt7G_KF.mjs:49:74226)
    at s (https://framerusercontent.com/sites/5pnYXBbLKEPLW9G29DMwhJ/framer.awt7G_KF.mjs:59:10242)
    at div
    at https://framerusercontent.com/sites/5pnYXBbLKEPLW9G29DMwhJ/framer.awt7G_KF.mjs:921:25580
    at https://framerusercontent.com/sites/5pnYXBbLKEPLW9G29DMwhJ/framer.awt7G_KF.mjs:83:35130
    at Kw (https://framerusercontent.com/sites/5pnYXBbLKEPLW9G29DMwhJ/framer.awt7G_KF.mjs:928:678)
    at Suspense
    at nu (https://framerusercontent.com/sites/5pnYXBbLKEPLW9G29DMwhJ/framer.awt7G_KF.mjs:49:73700)
    at cu (https://framerusercontent.com/sites/5pnYXBbLKEPLW9G29DMwhJ/framer.awt7G_KF.mjs:49:74364)
    at su (https://framerusercontent.com/sites/5pnYXBbLKEPLW9G29DMwhJ/framer.awt7G_KF.mjs:49:74226)
    at of (https://framerusercontent.com/sites/5pnYXBbLKEPLW9G29DMwhJ/motion.eL-CBXa_.mjs:9:71320)
    at Ja (https://framerusercontent.com/sites/5pnYXBbLKEPLW9G29DMwhJ/framer.awt7G_KF.mjs:49:26954)
    at div
    at s (https://framerusercontent.com/sites/5pnYXBbLKEPLW9G29DMwhJ/motion.eL-CBXa_.mjs:9:5742)
    at https://framerusercontent.com/sites/5pnYXBbLKEPLW9G29DMwhJ/framer.awt7G_KF.mjs:928:1367
    at https://framerusercontent.com/sites/5pnYXBbLKEPLW9G29DMwhJ/framer.awt7G_KF.mjs:921:30987
    at https://framerusercontent.com/sites/5pnYXBbLKEPLW9G29DMwhJ/framer.awt7G_KF.mjs:921:30800
    at div
    at div
    at div
    at div
    at div
    at div
    at div
    at s (https://framerusercontent.com/sites/5pnYXBbLKEPLW9G29DMwhJ/motion.eL-CBXa_.mjs:9:5742)
    at div
    at s (https://framerusercontent.com/sites/5pnYXBbLKEPLW9G29DMwhJ/motion.eL-CBXa_.mjs:9:5742)
    at of (https://framerusercontent.com/sites/5pnYXBbLKEPLW9G29DMwhJ/motion.eL-CBXa_.mjs:9:71320)
    at https://framerusercontent.com/sites/5pnYXBbLKEPLW9G29DMwhJ/NsKjUvTZeqrFvR5wi9mJBdJJm_6ukV79F1Lw0iZR7l0.WY3FAW_A.mjs:1:3435
    at https://framerusercontent.com/sites/5pnYXBbLKEPLW9G29DMwhJ/framer.awt7G_KF.mjs:83:35130
    at https://framerusercontent.com/sites/5pnYXBbLKEPLW9G29DMwhJ/framer.awt7G_KF.mjs:3:1056
    at div
    at s (https://framerusercontent.com/sites/5pnYXBbLKEPLW9G29DMwhJ/motion.eL-CBXa_.mjs:9:5742)
    at of (https://framerusercontent.com/sites/5pnYXBbLKEPLW9G29DMwhJ/motion.eL-CBXa_.mjs:9:71320)
    at https://framerusercontent.com/sites/5pnYXBbLKEPLW9G29DMwhJ/script_main.DGzOQ-qi.mjs:280:44037
    at https://framerusercontent.com/sites/5pnYXBbLKEPLW9G29DMwhJ/framer.awt7G_KF.mjs:83:35130
    at https://framerusercontent.com/sites/5pnYXBbLKEPLW9G29DMwhJ/framer.awt7G_KF.mjs:928:18264
    at Suspense
    at nu (https://framerusercontent.com/sites/5pnYXBbLKEPLW9G29DMwhJ/framer.awt7G_KF.mjs:49:73700)
    at _d (https://framerusercontent.com/sites/5pnYXBbLKEPLW9G29DMwhJ/framer.awt7G_KF.mjs:52:6443)
    at bl (https://framerusercontent.com/sites/5pnYXBbLKEPLW9G29DMwhJ/script_main.DGzOQ-qi.mjs:280:304920)
    at Jf (https://framerusercontent.com/sites/5pnYXBbLKEPLW9G29DMwhJ/framer.awt7G_KF.mjs:54:10416)
    at Vb (https://framerusercontent.com/sites/5pnYXBbLKEPLW9G29DMwhJ/framer.awt7G_KF.mjs:83:6367)
    at Suspense
    at nu (https://framerusercontent.com/sites/5pnYXBbLKEPLW9G29DMwhJ/framer.awt7G_KF.mjs:49:73700)
    at Vw (https://framerusercontent.com/sites/5pnYXBbLKEPLW9G29DMwhJ/framer.awt7G_KF.mjs:921:31057)
    at af (https://framerusercontent.com/sites/5pnYXBbLKEPLW9G29DMwhJ/framer.awt7G_KF.mjs:52:18105)
    at li (https://framerusercontent.com/sites/5pnYXBbLKEPLW9G29DMwhJ/framer.awt7G_KF.mjs:49:6955)
    at https://framerusercontent.com/sites/5pnYXBbLKEPLW9G29DMwhJ/framer.awt7G_KF.mjs:928:2407
    at https://framerusercontent.com/sites/5pnYXBbLKEPLW9G29DMwhJ/framer.awt7G_KF.mjs:83:35130
    at Rt (https://framerusercontent.com/sites/5pnYXBbLKEPLW9G29DMwhJ/framer.awt7G_KF.mjs:3:3254)
    at qf (https://framerusercontent.com/sites/5pnYXBbLKEPLW9G29DMwhJ/framer.awt7G_KF.mjs:54:5233)
    at cf (https://framerusercontent.com/sites/5pnYXBbLKEPLW9G29DMwhJ/framer.awt7G_KF.mjs:52:18961)
    at jE (https://framerusercontent.com/sites/5pnYXBbLKEPLW9G29DMwhJ/framer.awt7G_KF.mjs:928:18033)
    at On (https://framerusercontent.com/sites/5pnYXBbLKEPLW9G29DMwhJ/framer.awt7G_KF.mjs:7:9178)
    at ia (https://framerusercontent.com/sites/5pnYXBbLKEPLW9G29DMwhJ/motion.eL-CBXa_.mjs:9:1423)
    at Qr (https://framerusercontent.com/sites/5pnYXBbLKEPLW9G29DMwhJ/framer.awt7G_KF.mjs:49:6251)
    at rp (https://framerusercontent.com/sites/5pnYXBbLKEPLW9G29DMwhJ/framer.awt7G_KF.mjs:54:11578)
    at TT (https://framerusercontent.com/sites/5pnYXBbLKEPLW9G29DMwhJ/framer.awt7G_KF.mjs:928:7599)
    at sr (https://framerusercontent.com/sites/5pnYXBbLKEPLW9G29DMwhJ/framer.awt7G_KF.mjs:7:14711) @ https://t.peec.ai/static/posthog-recorder.js?v=1.416.0:0
[     259ms] [WARNING] Caught a recoverable error. The site is still functional, but might have some UI flickering or degraded page load performance. If you are the author of this website, update external components and check recently added custom code or code overrides to fix the following server/client mismatches:
 Error: Minified React error #418; visit https://reactjs.org/docs/error-decoder.html?invariant=418 for the full message or use the non-minified dev environment for full errors and additional helpful warnings.
    at da (https://framerusercontent.com/sites/5pnYXBbLKEPLW9G29DMwhJ/react.LucpZiGF.mjs:6:4235)
    at sp (https://framerusercontent.com/sites/5pnYXBbLKEPLW9G29DMwhJ/react.LucpZiGF.mjs:8:68259)
    at $s (https://framerusercontent.com/sites/5pnYXBbLKEPLW9G29DMwhJ/react.LucpZiGF.mjs:8:37073)
    at Qs (https://framerusercontent.com/sites/5pnYXBbLKEPLW9G29DMwhJ/react.LucpZiGF.mjs:8:37046)
    at Ls (https://framerusercontent.com/sites/5pnYXBbLKEPLW9G29DMwhJ/react.LucpZiGF.mjs:8:32130)
    at wt (https://framerusercontent.com/sites/5pnYXBbLKEPLW9G29DMwhJ/react.LucpZiGF.mjs:1:10651)
    at MessagePort.Et (https://framerusercontent.com/sites/5pnYXBbLKEPLW9G29DMwhJ/react.LucpZiGF.mjs:1:11006) 
    at div
    at div
    at xe (https://framerusercontent.com/sites/5pnYXBbLKEPLW9G29DMwhJ/SyncBillingToggle.CaSFIKVy.mjs:1:6576)
    at https://framerusercontent.com/sites/5pnYXBbLKEPLW9G29DMwhJ/SyncBillingToggle.CaSFIKVy.mjs:16:13921
    at Kw (https://framerusercontent.com/sites/5pnYXBbLKEPLW9G29DMwhJ/framer.awt7G_KF.mjs:928:678)
    at Suspense
    at nu (https://framerusercontent.com/sites/5pnYXBbLKEPLW9G29DMwhJ/framer.awt7G_KF.mjs:49:73700)
    at cu (https://framerusercontent.com/sites/5pnYXBbLKEPLW9G29DMwhJ/framer.awt7G_KF.mjs:49:74364)
    at su (https://framerusercontent.com/sites/5pnYXBbLKEPLW9G29DMwhJ/framer.awt7G_KF.mjs:49:74226)
    at s (https://framerusercontent.com/sites/5pnYXBbLKEPLW9G29DMwhJ/framer.awt7G_KF.mjs:59:10242)
    at div
    at https://framerusercontent.com/sites/5pnYXBbLKEPLW9G29DMwhJ/framer.awt7G_KF.mjs:921:25580
    at https://framerusercontent.com/sites/5pnYXBbLKEPLW9G29DMwhJ/framer.awt7G_KF.mjs:83:35130
    at Kw (https://framerusercontent.com/sites/5pnYXBbLKEPLW9G29DMwhJ/framer.awt7G_KF.mjs:928:678)
    at Suspense
    at nu (https://framerusercontent.com/sites/5pnYXBbLKEPLW9G29DMwhJ/framer.awt7G_KF.mjs:49:73700)
    at cu (https://framerusercontent.com/sites/5pnYXBbLKEPLW9G29DMwhJ/framer.awt7G_KF.mjs:49:74364)
    at su (https://framerusercontent.com/sites/5pnYXBbLKEPLW9G29DMwhJ/framer.awt7G_KF.mjs:49:74226)
    at of (https://framerusercontent.com/sites/5pnYXBbLKEPLW9G29DMwhJ/motion.eL-CBXa_.mjs:9:71320)
    at Ja (https://framerusercontent.com/sites/5pnYXBbLKEPLW9G29DMwhJ/framer.awt7G_KF.mjs:49:26954)
    at div
    at s (https://framerusercontent.com/sites/5pnYXBbLKEPLW9G29DMwhJ/motion.eL-CBXa_.mjs:9:5742)
    at https://framerusercontent.com/sites/5pnYXBbLKEPLW9G29DMwhJ/framer.awt7G_KF.mjs:928:1367
    at https://framerusercontent.com/sites/5pnYXBbLKEPLW9G29DMwhJ/framer.awt7G_KF.mjs:921:30987
    at https://framerusercontent.com/sites/5pnYXBbLKEPLW9G29DMwhJ/framer.awt7G_KF.mjs:921:30800
    at div
    at div
    at div
    at div
    at div
    at div
    at div
    at s (https://framerusercontent.com/sites/5pnYXBbLKEPLW9G29DMwhJ/motion.eL-CBXa_.mjs:9:5742)
    at div
    at s (https://framerusercontent.com/sites/5pnYXBbLKEPLW9G29DMwhJ/motion.eL-CBXa_.mjs:9:5742)
    at of (https://framerusercontent.com/sites/5pnYXBbLKEPLW9G29DMwhJ/motion.eL-CBXa_.mjs:9:71320)
    at https://framerusercontent.com/sites/5pnYXBbLKEPLW9G29DMwhJ/NsKjUvTZeqrFvR5wi9mJBdJJm_6ukV79F1Lw0iZR7l0.WY3FAW_A.mjs:1:3435
    at https://framerusercontent.com/sites/5pnYXBbLKEPLW9G29DMwhJ/framer.awt7G_KF.mjs:83:35130
    at https://framerusercontent.com/sites/5pnYXBbLKEPLW9G29DMwhJ/framer.awt7G_KF.mjs:3:1056
    at div
    at s (https://framerusercontent.com/sites/5pnYXBbLKEPLW9G29DMwhJ/motion.eL-CBXa_.mjs:9:5742)
    at of (https://framerusercontent.com/sites/5pnYXBbLKEPLW9G29DMwhJ/motion.eL-CBXa_.mjs:9:71320)
    at https://framerusercontent.com/sites/5pnYXBbLKEPLW9G29DMwhJ/script_main.DGzOQ-qi.mjs:280:44037
    at https://framerusercontent.com/sites/5pnYXBbLKEPLW9G29DMwhJ/framer.awt7G_KF.mjs:83:35130
    at https://framerusercontent.com/sites/5pnYXBbLKEPLW9G29DMwhJ/framer.awt7G_KF.mjs:928:18264
    at Suspense
    at nu (https://framerusercontent.com/sites/5pnYXBbLKEPLW9G29DMwhJ/framer.awt7G_KF.mjs:49:73700)
    at _d (https://framerusercontent.com/sites/5pnYXBbLKEPLW9G29DMwhJ/framer.awt7G_KF.mjs:52:6443)
    at bl (https://framerusercontent.com/sites/5pnYXBbLKEPLW9G29DMwhJ/script_main.DGzOQ-qi.mjs:280:304920)
    at Jf (https://framerusercontent.com/sites/5pnYXBbLKEPLW9G29DMwhJ/framer.awt7G_KF.mjs:54:10416)
    at Vb (https://framerusercontent.com/sites/5pnYXBbLKEPLW9G29DMwhJ/framer.awt7G_KF.mjs:83:6367)
    at Suspense
    at nu (https://framerusercontent.com/sites/5pnYXBbLKEPLW9G29DMwhJ/framer.awt7G_KF.mjs:49:73700)
    at Vw (https://framerusercontent.com/sites/5pnYXBbLKEPLW9G29DMwhJ/framer.awt7G_KF.mjs:921:31057)
    at af (https://framerusercontent.com/sites/5pnYXBbLKEPLW9G29DMwhJ/framer.awt7G_KF.mjs:52:18105)
    at li (https://framerusercontent.com/sites/5pnYXBbLKEPLW9G29DMwhJ/framer.awt7G_KF.mjs:49:6955)
    at https://framerusercontent.com/sites/5pnYXBbLKEPLW9G29DMwhJ/framer.awt7G_KF.mjs:928:2407
    at https://framerusercontent.com/sites/5pnYXBbLKEPLW9G29DMwhJ/framer.awt7G_KF.mjs:83:35130
    at Rt (https://framerusercontent.com/sites/5pnYXBbLKEPLW9G29DMwhJ/framer.awt7G_KF.mjs:3:3254)
    at qf (https://framerusercontent.com/sites/5pnYXBbLKEPLW9G29DMwhJ/framer.awt7G_KF.mjs:54:5233)
    at cf (https://framerusercontent.com/sites/5pnYXBbLKEPLW9G29DMwhJ/framer.awt7G_KF.mjs:52:18961)
    at jE (https://framerusercontent.com/sites/5pnYXBbLKEPLW9G29DMwhJ/framer.awt7G_KF.mjs:928:18033)
    at On (https://framerusercontent.com/sites/5pnYXBbLKEPLW9G29DMwhJ/framer.awt7G_KF.mjs:7:9178)
    at ia (https://framerusercontent.com/sites/5pnYXBbLKEPLW9G29DMwhJ/motion.eL-CBXa_.mjs:9:1423)
    at Qr (https://framerusercontent.com/sites/5pnYXBbLKEPLW9G29DMwhJ/framer.awt7G_KF.mjs:49:6251)
    at rp (https://framerusercontent.com/sites/5pnYXBbLKEPLW9G29DMwhJ/framer.awt7G_KF.mjs:54:11578)
    at TT (https://framerusercontent.com/sites/5pnYXBbLKEPLW9G29DMwhJ/framer.awt7G_KF.mjs:928:7599)
    at sr (https://framerusercontent.com/sites/5pnYXBbLKEPLW9G29DMwhJ/framer.awt7G_KF.mjs:7:14711) @ https://t.peec.ai/static/posthog-recorder.js?v=1.416.0:0
[     259ms] [WARNING] Caught a recoverable error. The site is still functional, but might have some UI flickering or degraded page load performance. If you are the author of this website, update external components and check recently added custom code or code overrides to fix the following server/client mismatches:
 Error: Minified React error #422; visit https://reactjs.org/docs/error-decoder.html?invariant=422 for the full message or use the non-minified dev environment for full errors and additional helpful warnings.
    at ns (https://framerusercontent.com/sites/5pnYXBbLKEPLW9G29DMwhJ/react.LucpZiGF.mjs:8:8255)
    at $o (https://framerusercontent.com/sites/5pnYXBbLKEPLW9G29DMwhJ/react.LucpZiGF.mjs:8:7196)
    at sp (https://framerusercontent.com/sites/5pnYXBbLKEPLW9G29DMwhJ/react.LucpZiGF.mjs:8:68461)
    at $s (https://framerusercontent.com/sites/5pnYXBbLKEPLW9G29DMwhJ/react.LucpZiGF.mjs:8:37073)
    at Qs (https://framerusercontent.com/sites/5pnYXBbLKEPLW9G29DMwhJ/react.LucpZiGF.mjs:8:37046)
    at Ls (https://framerusercontent.com/sites/5pnYXBbLKEPLW9G29DMwhJ/react.LucpZiGF.mjs:8:32130)
    at wt (https://framerusercontent.com/sites/5pnYXBbLKEPLW9G29DMwhJ/react.LucpZiGF.mjs:1:10651)
    at MessagePort.Et (https://framerusercontent.com/sites/5pnYXBbLKEPLW9G29DMwhJ/react.LucpZiGF.mjs:1:11006) null @ https://t.peec.ai/static/posthog-recorder.js?v=1.416.0:0
[     604ms] [ERROR] Load failed, error in settings @ https://t.peec.ai/static/posthog-recorder.js?v=1.416.0:0
[     604ms] [ERROR] No visitor ID available. Load may have failed. @ https://t.peec.ai/static/posthog-recorder.js?v=1.416.0:0
[     960ms] [WARNING] Blocked message from unauthorized origin: https://api.vector.co @ https://t.peec.ai/static/posthog-recorder.js?v=1.416.0:0
[    1418ms] [LOG] [Framer On-Page Editing] Unavailable because not on a `framer.app` subdomain and access status is no-auth @ https://app.framerstatic.com/editorbar.X52GTSIN.mjs:0
[   13695ms] [WARNING] [PostHog.js] You have already initialized PostHog with a different project token! Re-initializing is a no-op, so events will keep going to the project this instance was initialized with. To capture into a second project, load PostHog once, then initialize a named instance after the SDK has loaded, e.g. posthog.init('phc_dK4ybo7i7IPKBqESmPiv8TzOz686PV27oWVzQMbWTgt', { ... }, 'project2') @ https://t.peec.ai/static/array.js:0
[   13963ms] [ERROR] Error: <filter> attribute x: Expected length, "-Infinity%". @ https://peec.ai/:700
[   13963ms] [ERROR] Error: <filter> attribute y: Expected length, "-Infinity%". @ https://peec.ai/:700
[   13963ms] [ERROR] Error: <filter> attribute width: Expected length, "Infinity%". @ https://peec.ai/:700
[   13963ms] [ERROR] Error: <filter> attribute height: Expected length, "Infinity%". @ https://peec.ai/:700
[   13963ms] [ERROR] Error: <mask> attribute x: Expected length, "-Infinity%". @ https://peec.ai/:700
[   13963ms] [ERROR] Error: <mask> attribute y: Expected length, "-Infinity%". @ https://peec.ai/:700
[   13963ms] [ERROR] Error: <mask> attribute width: Expected length, "Infinity%". @ https://peec.ai/:700
[   13963ms] [ERROR] Error: <mask> attribute height: Expected length, "Infinity%". @ https://peec.ai/:700
[   13963ms] [ERROR] Error: <rect> attribute x: Expected length, "-Infinity%". @ https://peec.ai/:700
[   13963ms] [ERROR] Error: <rect> attribute y: Expected length, "-Infinity%". @ https://peec.ai/:700
[   13963ms] [ERROR] Error: <rect> attribute width: Expected length, "Infinity%". @ https://peec.ai/:700
[   13963ms] [ERROR] Error: <rect> attribute height: Expected length, "Infinity%". @ https://peec.ai/:700
[   13963ms] [ERROR] Error: <filter> attribute x: Expected length, "-Infinity%". @ https://peec.ai/:700
[   13963ms] [ERROR] Error: <filter> attribute y: Expected length, "-Infinity%". @ https://peec.ai/:700
[   13963ms] [ERROR] Error: <filter> attribute width: Expected length, "Infinity%". @ https://peec.ai/:700
[   13963ms] [ERROR] Error: <filter> attribute height: Expected length, "Infinity%". @ https://peec.ai/:700
[   13963ms] [ERROR] Error: <mask> attribute x: Expected length, "-Infinity%". @ https://peec.ai/:700
[   13963ms] [ERROR] Error: <mask> attribute y: Expected length, "-Infinity%". @ https://peec.ai/:700
[   13963ms] [ERROR] Error: <mask> attribute width: Expected length, "Infinity%". @ https://peec.ai/:700
[   13963ms] [ERROR] Error: <mask> attribute height: Expected length, "Infinity%". @ https://peec.ai/:700
[   13963ms] [ERROR] Error: <rect> attribute x: Expected length, "-Infinity%". @ https://peec.ai/:700
[   13963ms] [ERROR] Error: <rect> attribute y: Expected length, "-Infinity%". @ https://peec.ai/:700
[   13963ms] [ERROR] Error: <rect> attribute width: Expected length, "Infinity%". @ https://peec.ai/:700
[   13963ms] [ERROR] Error: <rect> attribute height: Expected length, "Infinity%". @ https://peec.ai/:700
[   13963ms] [LOG] [peec] script loaded @ https://peec.ai/:783
[   13967ms] [ERROR] Error: <filter> attribute x: Expected length, "-Infinity%". @ https://peec.ai/:957
[   13967ms] [ERROR] Error: <filter> attribute y: Expected length, "-Infinity%". @ https://peec.ai/:957
[   13967ms] [ERROR] Error: <filter> attribute width: Expected length, "Infinity%". @ https://peec.ai/:957
[   13967ms] [ERROR] Error: <filter> attribute height: Expected length, "Infinity%". @ https://peec.ai/:957
[   13967ms] [ERROR] Error: <mask> attribute x: Expected length, "-Infinity%". @ https://peec.ai/:957
[   13967ms] [ERROR] Error: <mask> attribute y: Expected length, "-Infinity%". @ https://peec.ai/:957
[   13967ms] [ERROR] Error: <mask> attribute width: Expected length, "Infinity%". @ https://peec.ai/:957
[   13967ms] [ERROR] Error: <mask> attribute height: Expected length, "Infinity%". @ https://peec.ai/:957
[   13967ms] [ERROR] Error: <rect> attribute x: Expected length, "-Infinity%". @ https://peec.ai/:957
[   13967ms] [ERROR] Error: <rect> attribute y: Expected length, "-Infinity%". @ https://peec.ai/:957
[   13967ms] [ERROR] Error: <rect> attribute width: Expected length, "Infinity%". @ https://peec.ai/:957
[   13967ms] [ERROR] Error: <rect> attribute height: Expected length, "Infinity%". @ https://peec.ai/:957
[   13967ms] [ERROR] Error: <filter> attribute x: Expected length, "-Infinity%". @ https://peec.ai/:957
[   13967ms] [ERROR] Error: <filter> attribute y: Expected length, "-Infinity%". @ https://peec.ai/:957
[   13967ms] [ERROR] Error: <filter> attribute width: Expected length, "Infinity%". @ https://peec.ai/:957
[   13967ms] [ERROR] Error: <filter> attribute height: Expected length, "Infinity%". @ https://peec.ai/:957
[   13967ms] [ERROR] Error: <mask> attribute x: Expected length, "-Infinity%". @ https://peec.ai/:957
[   13967ms] [ERROR] Error: <mask> attribute y: Expected length, "-Infinity%". @ https://peec.ai/:957
[   13967ms] [ERROR] Error: <mask> attribute width: Expected length, "Infinity%". @ https://peec.ai/:957
[   13967ms] [ERROR] Error: <mask> attribute height: Expected length, "Infinity%". @ https://peec.ai/:957
[   13967ms] [ERROR] Error: <rect> attribute x: Expected length, "-Infinity%". @ https://peec.ai/:957
[   13967ms] [ERROR] Error: <rect> attribute y: Expected length, "-Infinity%". @ https://peec.ai/:957
[   13967ms] [ERROR] Error: <rect> attribute width: Expected length, "Infinity%". @ https://peec.ai/:957
[   13967ms] [ERROR] Error: <rect> attribute height: Expected length, "Infinity%". @ https://peec.ai/:957
[   14146ms] [ERROR] Load failed, error in settings @ https://t.peec.ai/static/posthog-recorder.js?v=1.416.0:0
[   14146ms] [ERROR] No visitor ID available. Load may have failed. @ https://t.peec.ai/static/posthog-recorder.js?v=1.416.0:0
[   14388ms] [WARNING] Blocked message from unauthorized origin: https://peec.ai @ https://t.peec.ai/static/posthog-recorder.js?v=1.416.0:0
[   14388ms] [WARNING] Blocked message from unauthorized origin: https://peec.ai @ https://t.peec.ai/static/posthog-recorder.js?v=1.416.0:0
[   14405ms] [WARNING] Blocked message from unauthorized origin: https://api.vector.co @ https://t.peec.ai/static/posthog-recorder.js?v=1.416.0:0
[   15099ms] [LOG] [Framer On-Page Editing] Unavailable because not on a `framer.app` subdomain and access status is no-auth @ https://app.framerstatic.com/editorbar.X52GTSIN.mjs:0
