[     403ms] [LOG] 13 CDN assets loaded OK @ https://tsahead.slack.com/?redir=%2Fadmin:144
[     411ms] [INFO] Jul-19 19:11:11.490 [TRACER] Tracing is not sampled by default for this session. @ https://a.slack-edge.com/bv1-13-br/login-core.fbc8dc45ea829a71.primer.min.js:157
[     414ms] [WARNING] Jul-19 19:11:11.492 TELEMETRY You tried to get a team-specific telemeter but didn’t provide enough context and are getting the generic telemeter instead which is likely not what you want. @ https://a.slack-edge.com/bv1-13-br/login-core.fbc8dc45ea829a71.primer.min.js:157
[     447ms] [WARNING] Jul-19 19:11:11.525 TRACES You tried to get a team-specific tracer but didn’t provide enough context and are getting the generic tracer instead which is likely not what you want. @ https://a.slack-edge.com/bv1-13-br/login-core.fbc8dc45ea829a71.primer.min.js:157
[     448ms] [WARNING] Jul-19 19:11:11.526 TRACES You tried to get a team-specific tracer but didn’t provide enough context and are getting the generic tracer instead which is likely not what you want. @ https://a.slack-edge.com/bv1-13-br/login-core.fbc8dc45ea829a71.primer.min.js:157
[     448ms] [INFO] Jul-19 19:11:11.526 [API-Q] (T00000000) noversion-1784455871.525 signin.findWorkspaces called with reason: get_started_already_signed_into @ https://a.slack-edge.com/bv1-13-br/login-core.fbc8dc45ea829a71.primer.min.js:157
[     448ms] [INFO] Jul-19 19:11:11.527 [API-Q] (T00000000) noversion-1784455871.525 signin.findWorkspaces is ENQUEUED @ https://a.slack-edge.com/bv1-13-br/login-core.fbc8dc45ea829a71.primer.min.js:157
[     484ms] [WARNING] Error in Optanon wrapper, please review your code. ReferenceError: loadGTM is not defined @ https://cdn.cookielaw.org/scripttemplates/202604.2.0/otBannerSdk.js:6
[     557ms] [INFO] Jul-19 19:11:11.636 [API-Q] (T00000000) noversion-1784455871.525 signin.findWorkspaces is ACTIVE @ https://a.slack-edge.com/bv1-13-br/login-core.fbc8dc45ea829a71.primer.min.js:157
[     961ms] [INFO] Jul-19 19:11:12.039 [API-Q] (T00000000) noversion-1784455871.525 signin.findWorkspaces is RESOLVED @ https://a.slack-edge.com/bv1-13-br/login-core.fbc8dc45ea829a71.primer.min.js:157
[     963ms] [WARNING] Jul-19 19:11:12.041 TRACES You tried to get a team-specific tracer but didn’t provide enough context and are getting the generic tracer instead which is likely not what you want. @ https://a.slack-edge.com/bv1-13-br/login-core.fbc8dc45ea829a71.primer.min.js:157
[     963ms] [WARNING] Jul-19 19:11:12.041 TRACES You tried to get a team-specific tracer but didn’t provide enough context and are getting the generic tracer instead which is likely not what you want. @ https://a.slack-edge.com/bv1-13-br/login-core.fbc8dc45ea829a71.primer.min.js:157
[     963ms] [INFO] Jul-19 19:11:12.041 [API-Q] (T00000000) noversion-1784455872.041 signin.findWorkspaces called with reason: get_started_already_signed_into @ https://a.slack-edge.com/bv1-13-br/login-core.fbc8dc45ea829a71.primer.min.js:157
[     963ms] [INFO] Jul-19 19:11:12.042 [API-Q] (T00000000) noversion-1784455872.041 signin.findWorkspaces is ENQUEUED @ https://a.slack-edge.com/bv1-13-br/login-core.fbc8dc45ea829a71.primer.min.js:157
[     963ms] [INFO] Jul-19 19:11:12.042 [API-Q] (T00000000) noversion-1784455872.041 signin.findWorkspaces is ACTIVE @ https://a.slack-edge.com/bv1-13-br/login-core.fbc8dc45ea829a71.primer.min.js:157
[    1168ms] [INFO] Jul-19 19:11:12.246 [API-Q] (T00000000) noversion-1784455872.041 signin.findWorkspaces is RESOLVED @ https://a.slack-edge.com/bv1-13-br/login-core.fbc8dc45ea829a71.primer.min.js:157
[    3995ms] [ERROR] Access to XMLHttpRequest at 'https://slack.com/clog/track/' from origin 'https://tsahead.slack.com' has been blocked by CORS policy: No 'Access-Control-Allow-Origin' header is present on the requested resource. @ https://tsahead.slack.com/?redir=%2Fadmin:0
[    3995ms] [ERROR] Failed to load resource: net::ERR_FAILED @ https://slack.com/clog/track/:0
[    4685ms] [LOG] %c%s color: red; background: yellow; font-size: 24px; 경고! @ https://www.gstatic.com/_/mss/boq-identity/_/js/k=boq-identity.AccountsSignInUi.ko.ssmGCyRI-bg.es5.O/am=EQUAAAADZSECgP3__wMAEECQ7YDvWQBNgJABAAAAAAAAAAAWAACoEQ/d=1/excm=_b,_tp,accountchooserview/ed=1/dg=0/wt=2/ujg=1/rs=AOaEmlEO_fXbNydab59PovIkSg9NfJEBww/dti=1/m=_b,_tp:550
[    4685ms] [LOG] %c%s font-size: 18px; 이 콘솔을 사용하면 공격자가 Self-XSS라는 공격을 통해 내 신원을 도용하여 내 정보를 빼낼 수 있습니다.
알지 못하는 코드를 입력하거나 붙여넣지 마세요. @ https://www.gstatic.com/_/mss/boq-identity/_/js/k=boq-identity.AccountsSignInUi.ko.ssmGCyRI-bg.es5.O/am=EQUAAAADZSECgP3__wMAEECQ7YDvWQBNgJABAAAAAAAAAAAWAACoEQ/d=1/excm=_b,_tp,accountchooserview/ed=1/dg=0/wt=2/ujg=1/rs=AOaEmlEO_fXbNydab59PovIkSg9NfJEBww/dti=1/m=_b,_tp:550
[    8021ms] [LOG] %c%s color: red; background: yellow; font-size: 24px; 경고! @ https://www.gstatic.com/_/mss/boq-identity/_/js/k=boq-identity.OAuthUi.ko.cDR_8rbOfIA.es5.O/am=EgAAAAAIAQIA____AQTZDtwzgAIEAAAAAAAAAAAGAIAI/d=1/excm=_b,_tp,attributesview/ed=1/dg=0/wt=2/ujg=1/rs=AOaEmlEBmaExKKCGDaZDpdty2UN8Vj_yHg/dti=1/m=_b,_tp:537
[    8021ms] [LOG] %c%s font-size: 18px; 이 콘솔을 사용하면 공격자가 Self-XSS라는 공격을 통해 내 신원을 도용하여 내 정보를 빼낼 수 있습니다.
알지 못하는 코드를 입력하거나 붙여넣지 마세요. @ https://www.gstatic.com/_/mss/boq-identity/_/js/k=boq-identity.OAuthUi.ko.cDR_8rbOfIA.es5.O/am=EgAAAAAIAQIA____AQTZDtwzgAIEAAAAAAAAAAAGAIAI/d=1/excm=_b,_tp,attributesview/ed=1/dg=0/wt=2/ujg=1/rs=AOaEmlEBmaExKKCGDaZDpdty2UN8Vj_yHg/dti=1/m=_b,_tp:537
[   11571ms] [LOG] JQMIGRATE: Migrate is installed with logging active, version 3.4.0 @ https://a.slack-edge.com/bv1-13-br/rollup-core_required_libs.74a908cd0c361a51.min.js:128
[   12508ms] [INFO] Jul-19 19:11:23.585 [BOOT] booted! pri:0 version:1784421377 start_ms:1784455882564 (1021ms ago) @ https://a.slack-edge.com/bv1-13-br/modern.vendor.4a44bda80c5358ea.min.js:3720
[   12511ms] [INFO] Jul-19 19:11:23.589 [TRACER] Tracing is not sampled by default for this session. @ https://a.slack-edge.com/bv1-13-br/modern.vendor.4a44bda80c5358ea.min.js:3720
[   12513ms] [WARNING] Jul-19 19:11:23.591 TRACES You tried to get a team-specific tracer but didn’t provide enough context and are getting the generic tracer instead which is likely not what you want. @ https://a.slack-edge.com/bv1-13-br/modern.vendor.4a44bda80c5358ea.min.js:3720
[   12514ms] [WARNING] Jul-19 19:11:23.592 TRACES You tried to get a team-specific tracer but didn’t provide enough context and are getting the generic tracer instead which is likely not what you want. @ https://a.slack-edge.com/bv1-13-br/modern.vendor.4a44bda80c5358ea.min.js:3720
[   12514ms] [INFO] Jul-19 19:11:23.593 [API-Q] (T09J1FBV3D0) c32fd661-1784455883.592 client.boot called with reason: legacy-boot @ https://a.slack-edge.com/bv1-13-br/modern.vendor.4a44bda80c5358ea.min.js:3720
[   12514ms] [INFO] Jul-19 19:11:23.593 [API-Q] (T09J1FBV3D0) c32fd661-1784455883.592 client.boot is ENQUEUED @ https://a.slack-edge.com/bv1-13-br/modern.vendor.4a44bda80c5358ea.min.js:3720
[   12514ms] [INFO] Jul-19 19:11:23.593 [INFO] Starting non-incremental boot @ https://a.slack-edge.com/bv1-13-br/modern.vendor.4a44bda80c5358ea.min.js:3720
[   12550ms] [INFO] Jul-19 19:11:23.629 [API-Q] (T09J1FBV3D0) c32fd661-1784455883.592 client.boot is ACTIVE @ https://a.slack-edge.com/bv1-13-br/modern.vendor.4a44bda80c5358ea.min.js:3720
[   12908ms] [INFO] Jul-19 19:11:23.987 [API-Q] (T09J1FBV3D0) c32fd661-1784455883.592 client.boot is RESOLVED @ https://a.slack-edge.com/bv1-13-br/modern.vendor.4a44bda80c5358ea.min.js:3720
[   13036ms] [INFO] Jul-19 19:11:24.114 [EMOJI_TRANSLATION] Emoji translations and keywords loaded for ko-KR @ https://a.slack-edge.com/bv1-13-br/modern.vendor.4a44bda80c5358ea.min.js:3720
[   13036ms] [WARNING] Jul-19 19:11:24.114 TRACES You tried to get a team-specific tracer but didn’t provide enough context and are getting the generic tracer instead which is likely not what you want. @ https://a.slack-edge.com/bv1-13-br/modern.vendor.4a44bda80c5358ea.min.js:3720
[   13036ms] [WARNING] Jul-19 19:11:24.115 TRACES You tried to get a team-specific tracer but didn’t provide enough context and are getting the generic tracer instead which is likely not what you want. @ https://a.slack-edge.com/bv1-13-br/modern.vendor.4a44bda80c5358ea.min.js:3720
[   13036ms] [INFO] Jul-19 19:11:24.115 [API-Q] (T09J1FBV3D0) c32fd661-1784455884.114 users.prefs.get called with reason: fetch-frecency-prefs @ https://a.slack-edge.com/bv1-13-br/modern.vendor.4a44bda80c5358ea.min.js:3720
[   13036ms] [INFO] Jul-19 19:11:24.115 [API-Q] (T09J1FBV3D0) c32fd661-1784455884.114 users.prefs.get is ENQUEUED @ https://a.slack-edge.com/bv1-13-br/modern.vendor.4a44bda80c5358ea.min.js:3720
[   13037ms] [INFO] Jul-19 19:11:24.115 [API-Q] (T09J1FBV3D0) c32fd661-1784455884.114 users.prefs.get is ACTIVE @ https://a.slack-edge.com/bv1-13-br/modern.vendor.4a44bda80c5358ea.min.js:3720
[   13039ms] [INFO] Jul-19 19:11:24.117 [UFM-TEAMS] (T09J1FBV3D0) requesting T09J1FBV3D0 (1) @ https://a.slack-edge.com/bv1-13-br/modern.vendor.4a44bda80c5358ea.min.js:3720
[   13039ms] [INFO] Jul-19 19:11:24.117 [UFM-TEAMS] (T09J1FBV3D0) received T09J1FBV3D0 (1) @ https://a.slack-edge.com/bv1-13-br/modern.vendor.4a44bda80c5358ea.min.js:3720
[   13040ms] [INFO] Jul-19 19:11:24.119 [GS_REQUEST] (T09J1FBV3D0) received a user_change_subscribe_request call while we are not connected; deferring @ https://a.slack-edge.com/bv1-13-br/modern.vendor.4a44bda80c5358ea.min.js:3720
[   13041ms] [WARNING] Jul-19 19:11:24.120 TRACES You tried to get a team-specific tracer but didn’t provide enough context and are getting the generic tracer instead which is likely not what you want. @ https://a.slack-edge.com/bv1-13-br/modern.vendor.4a44bda80c5358ea.min.js:3720
[   13041ms] [WARNING] Jul-19 19:11:24.120 TRACES You tried to get a team-specific tracer but didn’t provide enough context and are getting the generic tracer instead which is likely not what you want. @ https://a.slack-edge.com/bv1-13-br/modern.vendor.4a44bda80c5358ea.min.js:3720
[   13042ms] [INFO] Jul-19 19:11:24.120 [API-Q] (T09J1FBV3D0) c32fd661-1784455884.120 api.getFlannelHttpUrl called with reason: client-needs-valid-flannel-url @ https://a.slack-edge.com/bv1-13-br/modern.vendor.4a44bda80c5358ea.min.js:3720
[   13042ms] [INFO] Jul-19 19:11:24.120 [API-Q] (T09J1FBV3D0) c32fd661-1784455884.120 api.getFlannelHttpUrl is ENQUEUED @ https://a.slack-edge.com/bv1-13-br/modern.vendor.4a44bda80c5358ea.min.js:3720
[   13042ms] [INFO] Jul-19 19:11:24.120 [API-Q] (T09J1FBV3D0) c32fd661-1784455884.120 api.getFlannelHttpUrl is ACTIVE @ https://a.slack-edge.com/bv1-13-br/modern.vendor.4a44bda80c5358ea.min.js:3720
[   13049ms] [WARNING] Jul-19 19:11:24.127 TRACES You tried to get a team-specific tracer but didn’t provide enough context and are getting the generic tracer instead which is likely not what you want. @ https://a.slack-edge.com/bv1-13-br/modern.vendor.4a44bda80c5358ea.min.js:3720
[   13056ms] [INFO] Jul-19 19:11:24.135 [UFM-PERMISSIONS] (T09J1FBV3D0) requesting MANAGE_PERMISSIONS,MANAGE_SALESFORCE_CONNECTIONS,MANAGE_SALESFORCE_MCP_SERVERS,ACCESS_SLACK_AI_SLACKBOT,VIEW_MEMBER_ANALYTICS (1) @ https://a.slack-edge.com/bv1-13-br/modern.vendor.4a44bda80c5358ea.min.js:3720
[   13058ms] [WARNING] Jul-19 19:11:24.136 TRACES You tried to get a team-specific tracer but didn’t provide enough context and are getting the generic tracer instead which is likely not what you want. @ https://a.slack-edge.com/bv1-13-br/modern.vendor.4a44bda80c5358ea.min.js:3720
[   13058ms] [WARNING] Jul-19 19:11:24.137 TRACES You tried to get a team-specific tracer but didn’t provide enough context and are getting the generic tracer instead which is likely not what you want. @ https://a.slack-edge.com/bv1-13-br/modern.vendor.4a44bda80c5358ea.min.js:3720
[   13058ms] [INFO] Jul-19 19:11:24.137 [API-Q] (T09J1FBV3D0) c32fd661-1784455884.136 megaphone.notifications.list called with reason: load-megaphone-notification-data @ https://a.slack-edge.com/bv1-13-br/modern.vendor.4a44bda80c5358ea.min.js:3720
[   13058ms] [INFO] Jul-19 19:11:24.137 [API-Q] (T09J1FBV3D0) c32fd661-1784455884.136 megaphone.notifications.list is ENQUEUED @ https://a.slack-edge.com/bv1-13-br/modern.vendor.4a44bda80c5358ea.min.js:3720
[   13059ms] [WARNING] Jul-19 19:11:24.137 TRACES You tried to get a team-specific tracer but didn’t provide enough context and are getting the generic tracer instead which is likely not what you want. @ https://a.slack-edge.com/bv1-13-br/modern.vendor.4a44bda80c5358ea.min.js:3720
[   13059ms] [WARNING] Jul-19 19:11:24.137 TRACES You tried to get a team-specific tracer but didn’t provide enough context and are getting the generic tracer instead which is likely not what you want. @ https://a.slack-edge.com/bv1-13-br/modern.vendor.4a44bda80c5358ea.min.js:3720
[   13059ms] [INFO] Jul-19 19:11:24.137 [API-Q] (T09J1FBV3D0) c32fd661-1784455884.137 team.nav.get called with reason: fetch-team-site-nav-boot-data @ https://a.slack-edge.com/bv1-13-br/modern.vendor.4a44bda80c5358ea.min.js:3720
[   13059ms] [INFO] Jul-19 19:11:24.138 [API-Q] (T09J1FBV3D0) c32fd661-1784455884.137 team.nav.get is ENQUEUED @ https://a.slack-edge.com/bv1-13-br/modern.vendor.4a44bda80c5358ea.min.js:3720
[   13060ms] [WARNING] Jul-19 19:11:24.138 TRACES You tried to get a team-specific tracer but didn’t provide enough context and are getting the generic tracer instead which is likely not what you want. @ https://a.slack-edge.com/bv1-13-br/modern.vendor.4a44bda80c5358ea.min.js:3720
[   13060ms] [WARNING] Jul-19 19:11:24.138 TRACES You tried to get a team-specific tracer but didn’t provide enough context and are getting the generic tracer instead which is likely not what you want. @ https://a.slack-edge.com/bv1-13-br/modern.vendor.4a44bda80c5358ea.min.js:3720
[   13060ms] [INFO] Jul-19 19:11:24.138 [API-Q] (T09J1FBV3D0) c32fd661-1784455884.138 teams.trials.info called with reason: load_team_site_nav_boot_data @ https://a.slack-edge.com/bv1-13-br/modern.vendor.4a44bda80c5358ea.min.js:3720
[   13060ms] [INFO] Jul-19 19:11:24.138 [API-Q] (T09J1FBV3D0) c32fd661-1784455884.138 teams.trials.info is ENQUEUED @ https://a.slack-edge.com/bv1-13-br/modern.vendor.4a44bda80c5358ea.min.js:3720
[   13060ms] [WARNING] Jul-19 19:11:24.139 TRACES You tried to get a team-specific tracer but didn’t provide enough context and are getting the generic tracer instead which is likely not what you want. @ https://a.slack-edge.com/bv1-13-br/modern.vendor.4a44bda80c5358ea.min.js:3720
[   13060ms] [WARNING] Jul-19 19:11:24.139 TRACES You tried to get a team-specific tracer but didn’t provide enough context and are getting the generic tracer instead which is likely not what you want. @ https://a.slack-edge.com/bv1-13-br/modern.vendor.4a44bda80c5358ea.min.js:3720
[   13061ms] [INFO] Jul-19 19:11:24.139 [API-Q] (T09J1FBV3D0) c32fd661-1784455884.139 retail.getAvailablePlans called with reason: load-team-site-nav-boot-data @ https://a.slack-edge.com/bv1-13-br/modern.vendor.4a44bda80c5358ea.min.js:3720
[   13061ms] [INFO] Jul-19 19:11:24.139 [API-Q] (T09J1FBV3D0) c32fd661-1784455884.139 retail.getAvailablePlans is ENQUEUED @ https://a.slack-edge.com/bv1-13-br/modern.vendor.4a44bda80c5358ea.min.js:3720
[   13061ms] [WARNING] Jul-19 19:11:24.139 TRACES You tried to get a team-specific tracer but didn’t provide enough context and are getting the generic tracer instead which is likely not what you want. @ https://a.slack-edge.com/bv1-13-br/modern.vendor.4a44bda80c5358ea.min.js:3720
[   13061ms] [WARNING] Jul-19 19:11:24.139 TRACES You tried to get a team-specific tracer but didn’t provide enough context and are getting the generic tracer instead which is likely not what you want. @ https://a.slack-edge.com/bv1-13-br/modern.vendor.4a44bda80c5358ea.min.js:3720
[   13061ms] [INFO] Jul-19 19:11:24.140 [API-Q] (T09J1FBV3D0) c32fd661-1784455884.139 features.access.policies.list called with reason: load_team_site_nav_boot_data @ https://a.slack-edge.com/bv1-13-br/modern.vendor.4a44bda80c5358ea.min.js:3720
[   13061ms] [INFO] Jul-19 19:11:24.140 [API-Q] (T09J1FBV3D0) c32fd661-1784455884.139 features.access.policies.list is ENQUEUED @ https://a.slack-edge.com/bv1-13-br/modern.vendor.4a44bda80c5358ea.min.js:3720
[   13062ms] [WARNING] Jul-19 19:11:24.140 TRACES You tried to get a team-specific tracer but didn’t provide enough context and are getting the generic tracer instead which is likely not what you want. @ https://a.slack-edge.com/bv1-13-br/modern.vendor.4a44bda80c5358ea.min.js:3720
[   13062ms] [WARNING] Jul-19 19:11:24.140 TRACES You tried to get a team-specific tracer but didn’t provide enough context and are getting the generic tracer instead which is likely not what you want. @ https://a.slack-edge.com/bv1-13-br/modern.vendor.4a44bda80c5358ea.min.js:3720
[   13062ms] [INFO] Jul-19 19:11:24.140 [API-Q] (T09J1FBV3D0) c32fd661-1784455884.140 admin.roles.list called with reason: roles-mgmt-roles-list @ https://a.slack-edge.com/bv1-13-br/modern.vendor.4a44bda80c5358ea.min.js:3720
[   13062ms] [INFO] Jul-19 19:11:24.141 [API-Q] (T09J1FBV3D0) c32fd661-1784455884.140 admin.roles.list is ENQUEUED @ https://a.slack-edge.com/bv1-13-br/modern.vendor.4a44bda80c5358ea.min.js:3720
[   13062ms] [WARNING] Jul-19 19:11:24.141 TRACES You tried to get a team-specific tracer but didn’t provide enough context and are getting the generic tracer instead which is likely not what you want. @ https://a.slack-edge.com/bv1-13-br/modern.vendor.4a44bda80c5358ea.min.js:3720
[   13063ms] [WARNING] Jul-19 19:11:24.141 TRACES You tried to get a team-specific tracer but didn’t provide enough context and are getting the generic tracer instead which is likely not what you want. @ https://a.slack-edge.com/bv1-13-br/modern.vendor.4a44bda80c5358ea.min.js:3720
[   13063ms] [INFO] Jul-19 19:11:24.141 [API-Q] (T09J1FBV3D0) c32fd661-1784455884.141 admin.features.list called with reason: WorkspaceAdminNavigationMenu @ https://a.slack-edge.com/bv1-13-br/modern.vendor.4a44bda80c5358ea.min.js:3720
[   13063ms] [INFO] Jul-19 19:11:24.141 [API-Q] (T09J1FBV3D0) c32fd661-1784455884.141 admin.features.list is ENQUEUED @ https://a.slack-edge.com/bv1-13-br/modern.vendor.4a44bda80c5358ea.min.js:3720
[   13064ms] [WARNING] Jul-19 19:11:24.142 TRACES You tried to get a team-specific tracer but didn’t provide enough context and are getting the generic tracer instead which is likely not what you want. @ https://a.slack-edge.com/bv1-13-br/modern.vendor.4a44bda80c5358ea.min.js:3720
[   13064ms] [INFO] Jul-19 19:11:24.143 [API-Q] (T09J1FBV3D0) c32fd661-1784455884.136 megaphone.notifications.list is ACTIVE @ https://a.slack-edge.com/bv1-13-br/modern.vendor.4a44bda80c5358ea.min.js:3720
[   13065ms] [INFO] Jul-19 19:11:24.143 [API-Q] (T09J1FBV3D0) c32fd661-1784455884.137 team.nav.get is ACTIVE @ https://a.slack-edge.com/bv1-13-br/modern.vendor.4a44bda80c5358ea.min.js:3720
[   13065ms] [INFO] Jul-19 19:11:24.143 [API-Q] (T09J1FBV3D0) c32fd661-1784455884.138 teams.trials.info is ACTIVE @ https://a.slack-edge.com/bv1-13-br/modern.vendor.4a44bda80c5358ea.min.js:3720
[   13065ms] [INFO] Jul-19 19:11:24.143 [API-Q] (T09J1FBV3D0) c32fd661-1784455884.139 retail.getAvailablePlans is ACTIVE @ https://a.slack-edge.com/bv1-13-br/modern.vendor.4a44bda80c5358ea.min.js:3720
[   13065ms] [INFO] Jul-19 19:11:24.143 [API-Q] (T09J1FBV3D0) c32fd661-1784455884.139 features.access.policies.list is ACTIVE @ https://a.slack-edge.com/bv1-13-br/modern.vendor.4a44bda80c5358ea.min.js:3720
[   13065ms] [INFO] Jul-19 19:11:24.143 [API-Q] (T09J1FBV3D0) c32fd661-1784455884.140 admin.roles.list is ACTIVE @ https://a.slack-edge.com/bv1-13-br/modern.vendor.4a44bda80c5358ea.min.js:3720
[   13065ms] [INFO] Jul-19 19:11:24.143 [API-Q] (T09J1FBV3D0) c32fd661-1784455884.141 admin.features.list is ACTIVE @ https://a.slack-edge.com/bv1-13-br/modern.vendor.4a44bda80c5358ea.min.js:3720
[   13068ms] [WARNING] Jul-19 19:11:24.146 TRACES You tried to get a team-specific tracer but didn’t provide enough context and are getting the generic tracer instead which is likely not what you want. @ https://a.slack-edge.com/bv1-13-br/modern.vendor.4a44bda80c5358ea.min.js:3720
[   13068ms] [WARNING] Jul-19 19:11:24.147 TRACES You tried to get a team-specific tracer but didn’t provide enough context and are getting the generic tracer instead which is likely not what you want. @ https://a.slack-edge.com/bv1-13-br/modern.vendor.4a44bda80c5358ea.min.js:3720
[   13068ms] [INFO] Jul-19 19:11:24.147 [API-Q] (T09J1FBV3D0) c32fd661-1784455884.147 megaphone.notifications.list called with reason: load-megaphone-notification-data @ https://a.slack-edge.com/bv1-13-br/modern.vendor.4a44bda80c5358ea.min.js:3720
[   13068ms] [INFO] Jul-19 19:11:24.147 [API-Q] (T09J1FBV3D0) c32fd661-1784455884.147 megaphone.notifications.list is ENQUEUED @ https://a.slack-edge.com/bv1-13-br/modern.vendor.4a44bda80c5358ea.min.js:3720
[   13083ms] [WARNING] Jul-19 19:11:24.161 TRACES You tried to get a team-specific tracer but didn’t provide enough context and are getting the generic tracer instead which is likely not what you want. @ https://a.slack-edge.com/bv1-13-br/modern.vendor.4a44bda80c5358ea.min.js:3720
[   13083ms] [WARNING] Jul-19 19:11:24.162 TRACES You tried to get a team-specific tracer but didn’t provide enough context and are getting the generic tracer instead which is likely not what you want. @ https://a.slack-edge.com/bv1-13-br/modern.vendor.4a44bda80c5358ea.min.js:3720
[   13083ms] [INFO] Jul-19 19:11:24.162 [API-Q] (T09J1FBV3D0) c32fd661-1784455884.161 sfdc.integration.admin.listOrgs called with reason: admin-salesforce-connections @ https://a.slack-edge.com/bv1-13-br/modern.vendor.4a44bda80c5358ea.min.js:3720
[   13083ms] [INFO] Jul-19 19:11:24.162 [API-Q] (T09J1FBV3D0) c32fd661-1784455884.161 sfdc.integration.admin.listOrgs is ENQUEUED @ https://a.slack-edge.com/bv1-13-br/modern.vendor.4a44bda80c5358ea.min.js:3720
[   13084ms] [WARNING] Jul-19 19:11:24.162 TRACES You tried to get a team-specific tracer but didn’t provide enough context and are getting the generic tracer instead which is likely not what you want. @ https://a.slack-edge.com/bv1-13-br/modern.vendor.4a44bda80c5358ea.min.js:3720
[   13084ms] [WARNING] Jul-19 19:11:24.162 TRACES You tried to get a team-specific tracer but didn’t provide enough context and are getting the generic tracer instead which is likely not what you want. @ https://a.slack-edge.com/bv1-13-br/modern.vendor.4a44bda80c5358ea.min.js:3720
[   13084ms] [INFO] Jul-19 19:11:24.162 [API-Q] (T09J1FBV3D0) c32fd661-1784455884.162 users.admin.fetchTeamUsers called with reason: workspace-members-tab-fetch-members-and-idp-groups @ https://a.slack-edge.com/bv1-13-br/modern.vendor.4a44bda80c5358ea.min.js:3720
[   13084ms] [INFO] Jul-19 19:11:24.163 [API-Q] (T09J1FBV3D0) c32fd661-1784455884.162 users.admin.fetchTeamUsers is ENQUEUED @ https://a.slack-edge.com/bv1-13-br/modern.vendor.4a44bda80c5358ea.min.js:3720
[   13084ms] [ERROR] Jul-19 19:11:24.163 TOAST (T09J1FBV3D0) ToastContainer already mounted -- should only be one instance at a time @ https://a.slack-edge.com/bv1-13-br/modern.vendor.4a44bda80c5358ea.min.js:3720
[   13094ms] [INFO] Jul-19 19:11:24.172 [API-Q] (T09J1FBV3D0) c32fd661-1784455884.147 megaphone.notifications.list is ACTIVE @ https://a.slack-edge.com/bv1-13-br/modern.vendor.4a44bda80c5358ea.min.js:3720
[   13254ms] [INFO] Jul-19 19:11:24.333 [API-Q] (T09J1FBV3D0) c32fd661-1784455884.120 api.getFlannelHttpUrl is RESOLVED @ https://a.slack-edge.com/bv1-13-br/modern.vendor.4a44bda80c5358ea.min.js:3720
[   13256ms] [WARNING] Jul-19 19:11:24.334 TRACES You tried to get a team-specific tracer but didn’t provide enough context and are getting the generic tracer instead which is likely not what you want. @ https://a.slack-edge.com/bv1-13-br/modern.vendor.4a44bda80c5358ea.min.js:3720
[   13256ms] [WARNING] Jul-19 19:11:24.334 TRACES You tried to get a team-specific tracer but didn’t provide enough context and are getting the generic tracer instead which is likely not what you want. @ https://a.slack-edge.com/bv1-13-br/modern.vendor.4a44bda80c5358ea.min.js:3720
[   13256ms] [INFO] Jul-19 19:11:24.334 [API-Q] (T09J1FBV3D0) noversion-1784455884.334 Flannel users/info called with reason: flannel-call:users/info @ https://a.slack-edge.com/bv1-13-br/modern.vendor.4a44bda80c5358ea.min.js:3720
[   13256ms] [INFO] Jul-19 19:11:24.335 [API-Q] (T09J1FBV3D0) noversion-1784455884.334 Flannel users/info is ENQUEUED @ https://a.slack-edge.com/bv1-13-br/modern.vendor.4a44bda80c5358ea.min.js:3720
[   13256ms] [WARNING] Jul-19 19:11:24.335 TRACES You tried to get a team-specific tracer but didn’t provide enough context and are getting the generic tracer instead which is likely not what you want. @ https://a.slack-edge.com/bv1-13-br/modern.vendor.4a44bda80c5358ea.min.js:3720
[   13256ms] [WARNING] Jul-19 19:11:24.335 TRACES You tried to get a team-specific tracer but didn’t provide enough context and are getting the generic tracer instead which is likely not what you want. @ https://a.slack-edge.com/bv1-13-br/modern.vendor.4a44bda80c5358ea.min.js:3720
[   13256ms] [INFO] Jul-19 19:11:24.335 [API-Q] (T09J1FBV3D0) noversion-1784455884.335 Flannel permissions/info called with reason: flannel-call:permissions/info @ https://a.slack-edge.com/bv1-13-br/modern.vendor.4a44bda80c5358ea.min.js:3720
[   13256ms] [INFO] Jul-19 19:11:24.335 [API-Q] (T09J1FBV3D0) noversion-1784455884.335 Flannel permissions/info is ENQUEUED @ https://a.slack-edge.com/bv1-13-br/modern.vendor.4a44bda80c5358ea.min.js:3720
[   13257ms] [INFO] Jul-19 19:11:24.335 [API-Q] (T09J1FBV3D0) c32fd661-1784455884.161 sfdc.integration.admin.listOrgs is ACTIVE @ https://a.slack-edge.com/bv1-13-br/modern.vendor.4a44bda80c5358ea.min.js:3720
[   13259ms] [INFO] Jul-19 19:11:24.338 [API-Q] (T09J1FBV3D0) c32fd661-1784455884.114 users.prefs.get is RESOLVED @ https://a.slack-edge.com/bv1-13-br/modern.vendor.4a44bda80c5358ea.min.js:3720
[   13260ms] [INFO] Jul-19 19:11:24.339 [API-Q] (T09J1FBV3D0) noversion-1784455884.335 Flannel permissions/info is ACTIVE @ https://a.slack-edge.com/bv1-13-br/modern.vendor.4a44bda80c5358ea.min.js:3720
[   13261ms] [WARNING] Jul-19 19:11:24.339 TRACES You tried to get a team-specific tracer but didn’t provide enough context and are getting the generic tracer instead which is likely not what you want. @ https://a.slack-edge.com/bv1-13-br/modern.vendor.4a44bda80c5358ea.min.js:3720
[   13261ms] [WARNING] Jul-19 19:11:24.339 TRACES You tried to get a team-specific tracer but didn’t provide enough context and are getting the generic tracer instead which is likely not what you want. @ https://a.slack-edge.com/bv1-13-br/modern.vendor.4a44bda80c5358ea.min.js:3720
[   13261ms] [INFO] Jul-19 19:11:24.339 [API-Q] (T09J1FBV3D0) noversion-1784455884.339 Flannel emojis/info called with reason: flannel-call:emojis/info @ https://a.slack-edge.com/bv1-13-br/modern.vendor.4a44bda80c5358ea.min.js:3720
[   13261ms] [INFO] Jul-19 19:11:24.340 [API-Q] (T09J1FBV3D0) noversion-1784455884.339 Flannel emojis/info is ENQUEUED @ https://a.slack-edge.com/bv1-13-br/modern.vendor.4a44bda80c5358ea.min.js:3720
[   13288ms] [INFO] Jul-19 19:11:24.367 [API-Q] (T09J1FBV3D0) c32fd661-1784455884.136 megaphone.notifications.list is RESOLVED @ https://a.slack-edge.com/bv1-13-br/modern.vendor.4a44bda80c5358ea.min.js:3720
[   13289ms] [INFO] Jul-19 19:11:24.368 [API-Q] (T09J1FBV3D0) noversion-1784455884.339 Flannel emojis/info is ACTIVE @ https://a.slack-edge.com/bv1-13-br/modern.vendor.4a44bda80c5358ea.min.js:3720
[   13294ms] [WARNING] Jul-19 19:11:24.372 TRACES You tried to get a team-specific tracer but didn’t provide enough context and are getting the generic tracer instead which is likely not what you want. @ https://a.slack-edge.com/bv1-13-br/modern.vendor.4a44bda80c5358ea.min.js:3720
[   13295ms] [INFO] Jul-19 19:11:24.373 [API-Q] (T09J1FBV3D0) c32fd661-1784455884.139 features.access.policies.list is RESOLVED @ https://a.slack-edge.com/bv1-13-br/modern.vendor.4a44bda80c5358ea.min.js:3720
[   13295ms] [WARNING] Jul-19 19:11:24.374 TRACES You tried to get a team-specific tracer but didn’t provide enough context and are getting the generic tracer instead which is likely not what you want. @ https://a.slack-edge.com/bv1-13-br/modern.vendor.4a44bda80c5358ea.min.js:3720
[   13296ms] [WARNING] Jul-19 19:11:24.374 TRACES You tried to get a team-specific tracer but didn’t provide enough context and are getting the generic tracer instead which is likely not what you want. @ https://a.slack-edge.com/bv1-13-br/modern.vendor.4a44bda80c5358ea.min.js:3720
[   13296ms] [INFO] Jul-19 19:11:24.374 [API-Q] (T09J1FBV3D0) c32fd661-1784455884.374 sfdc.integration.listOrgs called with reason: fetch-orgs-and-sign-in-silently-v2 @ https://a.slack-edge.com/bv1-13-br/modern.vendor.4a44bda80c5358ea.min.js:3720
[   13296ms] [INFO] Jul-19 19:11:24.374 [API-Q] (T09J1FBV3D0) c32fd661-1784455884.374 sfdc.integration.listOrgs is ENQUEUED @ https://a.slack-edge.com/bv1-13-br/modern.vendor.4a44bda80c5358ea.min.js:3720
[   13296ms] [INFO] Jul-19 19:11:24.375 [API-Q] (T09J1FBV3D0) noversion-1784455884.334 Flannel users/info is ACTIVE @ https://a.slack-edge.com/bv1-13-br/modern.vendor.4a44bda80c5358ea.min.js:3720
[   13301ms] [INFO] Jul-19 19:11:24.380 [API-Q] (T09J1FBV3D0) c32fd661-1784455884.138 teams.trials.info is RESOLVED @ https://a.slack-edge.com/bv1-13-br/modern.vendor.4a44bda80c5358ea.min.js:3720
[   13302ms] [INFO] Jul-19 19:11:24.381 [API-Q] (T09J1FBV3D0) c32fd661-1784455884.162 users.admin.fetchTeamUsers is ACTIVE @ https://a.slack-edge.com/bv1-13-br/modern.vendor.4a44bda80c5358ea.min.js:3720
[   13306ms] [WARNING] Jul-19 19:11:24.385 TRACES You tried to get a team-specific tracer but didn’t provide enough context and are getting the generic tracer instead which is likely not what you want. @ https://a.slack-edge.com/bv1-13-br/modern.vendor.4a44bda80c5358ea.min.js:3720
[   13307ms] [WARNING] Jul-19 19:11:24.386 TRACES You tried to get a team-specific tracer but didn’t provide enough context and are getting the generic tracer instead which is likely not what you want. @ https://a.slack-edge.com/bv1-13-br/modern.vendor.4a44bda80c5358ea.min.js:3720
[   13308ms] [WARNING] Jul-19 19:11:24.386 TRACES You tried to get a team-specific tracer but didn’t provide enough context and are getting the generic tracer instead which is likely not what you want. @ https://a.slack-edge.com/bv1-13-br/modern.vendor.4a44bda80c5358ea.min.js:3720
[   13308ms] [INFO] Jul-19 19:11:24.386 [API-Q] (T09J1FBV3D0) c32fd661-1784455884.386 megaphone.notifications.list called with reason: load-megaphone-notification-data @ https://a.slack-edge.com/bv1-13-br/modern.vendor.4a44bda80c5358ea.min.js:3720
[   13308ms] [INFO] Jul-19 19:11:24.386 [API-Q] (T09J1FBV3D0) c32fd661-1784455884.386 megaphone.notifications.list is ENQUEUED @ https://a.slack-edge.com/bv1-13-br/modern.vendor.4a44bda80c5358ea.min.js:3720
[   13319ms] [INFO] Jul-19 19:11:24.397 [API-Q] (T09J1FBV3D0) c32fd661-1784455884.137 team.nav.get is RESOLVED @ https://a.slack-edge.com/bv1-13-br/modern.vendor.4a44bda80c5358ea.min.js:3720
[   13319ms] [INFO] Jul-19 19:11:24.398 [API-Q] (T09J1FBV3D0) c32fd661-1784455884.374 sfdc.integration.listOrgs is ACTIVE @ https://a.slack-edge.com/bv1-13-br/modern.vendor.4a44bda80c5358ea.min.js:3720
[   13320ms] [INFO] Jul-19 19:11:24.399 [API-Q] (T09J1FBV3D0) c32fd661-1784455884.147 megaphone.notifications.list is RESOLVED @ https://a.slack-edge.com/bv1-13-br/modern.vendor.4a44bda80c5358ea.min.js:3720
[   13321ms] [INFO] Jul-19 19:11:24.399 [API-Q] (T09J1FBV3D0) c32fd661-1784455884.386 megaphone.notifications.list is ACTIVE @ https://a.slack-edge.com/bv1-13-br/modern.vendor.4a44bda80c5358ea.min.js:3720
[   13356ms] [INFO] Jul-19 19:11:24.434 [API-Q] (T09J1FBV3D0) c32fd661-1784455884.140 admin.roles.list is RESOLVED @ https://a.slack-edge.com/bv1-13-br/modern.vendor.4a44bda80c5358ea.min.js:3720
[   13364ms] [WARNING] Jul-19 19:11:24.442 TRACES You tried to get a team-specific tracer but didn’t provide enough context and are getting the generic tracer instead which is likely not what you want. @ https://a.slack-edge.com/bv1-13-br/modern.vendor.4a44bda80c5358ea.min.js:3720
[   13365ms] [WARNING] Jul-19 19:11:24.443 TRACES You tried to get a team-specific tracer but didn’t provide enough context and are getting the generic tracer instead which is likely not what you want. @ https://a.slack-edge.com/bv1-13-br/modern.vendor.4a44bda80c5358ea.min.js:3720
[   13365ms] [WARNING] Jul-19 19:11:24.443 TRACES You tried to get a team-specific tracer but didn’t provide enough context and are getting the generic tracer instead which is likely not what you want. @ https://a.slack-edge.com/bv1-13-br/modern.vendor.4a44bda80c5358ea.min.js:3720
[   13365ms] [INFO] Jul-19 19:11:24.443 [API-Q] (T09J1FBV3D0) Deduped request for method: megaphone.notifications.list @ https://a.slack-edge.com/bv1-13-br/modern.vendor.4a44bda80c5358ea.min.js:3720
[   13403ms] [INFO] Jul-19 19:11:24.482 [API-Q] (T09J1FBV3D0) c32fd661-1784455884.139 retail.getAvailablePlans is RESOLVED @ https://a.slack-edge.com/bv1-13-br/modern.vendor.4a44bda80c5358ea.min.js:3720
[   13413ms] [WARNING] Jul-19 19:11:24.491 TRACES You tried to get a team-specific tracer but didn’t provide enough context and are getting the generic tracer instead which is likely not what you want. @ https://a.slack-edge.com/bv1-13-br/modern.vendor.4a44bda80c5358ea.min.js:3720
[   13414ms] [WARNING] Jul-19 19:11:24.492 TRACES You tried to get a team-specific tracer but didn’t provide enough context and are getting the generic tracer instead which is likely not what you want. @ https://a.slack-edge.com/bv1-13-br/modern.vendor.4a44bda80c5358ea.min.js:3720
[   13414ms] [WARNING] Jul-19 19:11:24.493 TRACES You tried to get a team-specific tracer but didn’t provide enough context and are getting the generic tracer instead which is likely not what you want. @ https://a.slack-edge.com/bv1-13-br/modern.vendor.4a44bda80c5358ea.min.js:3720
[   13414ms] [INFO] Jul-19 19:11:24.493 [API-Q] (T09J1FBV3D0) c32fd661-1784455884.493 admin.roles.list called with reason: roles-mgmt-roles-list @ https://a.slack-edge.com/bv1-13-br/modern.vendor.4a44bda80c5358ea.min.js:3720
[   13415ms] [INFO] Jul-19 19:11:24.493 [API-Q] (T09J1FBV3D0) c32fd661-1784455884.493 admin.roles.list is ENQUEUED @ https://a.slack-edge.com/bv1-13-br/modern.vendor.4a44bda80c5358ea.min.js:3720
[   13415ms] [WARNING] Jul-19 19:11:24.493 TRACES You tried to get a team-specific tracer but didn’t provide enough context and are getting the generic tracer instead which is likely not what you want. @ https://a.slack-edge.com/bv1-13-br/modern.vendor.4a44bda80c5358ea.min.js:3720
[   13415ms] [WARNING] Jul-19 19:11:24.494 TRACES You tried to get a team-specific tracer but didn’t provide enough context and are getting the generic tracer instead which is likely not what you want. @ https://a.slack-edge.com/bv1-13-br/modern.vendor.4a44bda80c5358ea.min.js:3720
[   13415ms] [INFO] Jul-19 19:11:24.494 [API-Q] (T09J1FBV3D0) Deduped request for method: admin.features.list @ https://a.slack-edge.com/bv1-13-br/modern.vendor.4a44bda80c5358ea.min.js:3720
[   13416ms] [INFO] Jul-19 19:11:24.494 [API-Q] (T09J1FBV3D0) c32fd661-1784455884.493 admin.roles.list is ACTIVE @ https://a.slack-edge.com/bv1-13-br/modern.vendor.4a44bda80c5358ea.min.js:3720
[   13471ms] [INFO] Jul-19 19:11:24.550 [API-Q] (T09J1FBV3D0) c32fd661-1784455884.161 sfdc.integration.admin.listOrgs is RESOLVED @ https://a.slack-edge.com/bv1-13-br/modern.vendor.4a44bda80c5358ea.min.js:3720
[   13502ms] [INFO] Jul-19 19:11:24.581 [API-Q] (T09J1FBV3D0) c32fd661-1784455884.141 admin.features.list is RESOLVED @ https://a.slack-edge.com/bv1-13-br/modern.vendor.4a44bda80c5358ea.min.js:3720
[   13513ms] [WARNING] Jul-19 19:11:24.591 TRACES You tried to get a team-specific tracer but didn’t provide enough context and are getting the generic tracer instead which is likely not what you want. @ https://a.slack-edge.com/bv1-13-br/modern.vendor.4a44bda80c5358ea.min.js:3720
[   13514ms] [WARNING] Jul-19 19:11:24.592 TRACES You tried to get a team-specific tracer but didn’t provide enough context and are getting the generic tracer instead which is likely not what you want. @ https://a.slack-edge.com/bv1-13-br/modern.vendor.4a44bda80c5358ea.min.js:3720
[   13514ms] [WARNING] Jul-19 19:11:24.592 TRACES You tried to get a team-specific tracer but didn’t provide enough context and are getting the generic tracer instead which is likely not what you want. @ https://a.slack-edge.com/bv1-13-br/modern.vendor.4a44bda80c5358ea.min.js:3720
[   13514ms] [INFO] Jul-19 19:11:24.592 [API-Q] (T09J1FBV3D0) Deduped request for method: megaphone.notifications.list @ https://a.slack-edge.com/bv1-13-br/modern.vendor.4a44bda80c5358ea.min.js:3720
[   13525ms] [INFO] Jul-19 19:11:24.603 [API-Q] (T09J1FBV3D0) c32fd661-1784455884.374 sfdc.integration.listOrgs is RESOLVED @ https://a.slack-edge.com/bv1-13-br/modern.vendor.4a44bda80c5358ea.min.js:3720
[   13537ms] [INFO] Jul-19 19:11:24.615 [API-Q] (T09J1FBV3D0) c32fd661-1784455884.386 megaphone.notifications.list is RESOLVED @ https://a.slack-edge.com/bv1-13-br/modern.vendor.4a44bda80c5358ea.min.js:3720
[   13543ms] [INFO] Jul-19 19:11:24.622 [BOOT] Setting up emoji failed, trying to move forward anyway... @ https://a.slack-edge.com/bv1-13-br/modern.vendor.4a44bda80c5358ea.min.js:3720
[   13544ms] [INFO] Jul-19 19:11:24.622 [METRICS] Starting timers for metrics collection @ https://a.slack-edge.com/bv1-13-br/modern.vendor.4a44bda80c5358ea.min.js:3720
[   13544ms] [INFO] Jul-19 19:11:24.622 [BOOT] Finished first boot 1032 ms after DOM ready @ https://a.slack-edge.com/bv1-13-br/modern.vendor.4a44bda80c5358ea.min.js:3720
[   13545ms] [WARNING] Jul-19 19:11:24.623 TRACES You tried to get a team-specific tracer but didn’t provide enough context and are getting the generic tracer instead which is likely not what you want. @ https://a.slack-edge.com/bv1-13-br/modern.vendor.4a44bda80c5358ea.min.js:3720
[   13716ms] [INFO] Jul-19 19:11:24.795 [API-Q] (T09J1FBV3D0) noversion-1784455884.335 Flannel permissions/info is RESOLVED @ https://a.slack-edge.com/bv1-13-br/modern.vendor.4a44bda80c5358ea.min.js:3720
[   13716ms] [INFO] Jul-19 19:11:24.795 [UFM-PERMISSIONS] (T09J1FBV3D0) received MANAGE_PERMISSIONS,MANAGE_SALESFORCE_CONNECTIONS,MANAGE_SALESFORCE_MCP_SERVERS,ACCESS_SLACK_AI_SLACKBOT,VIEW_MEMBER_ANALYTICS (1) @ https://a.slack-edge.com/bv1-13-br/modern.vendor.4a44bda80c5358ea.min.js:3720
[   13718ms] [WARNING] Jul-19 19:11:24.796 TRACES You tried to get a team-specific tracer but didn’t provide enough context and are getting the generic tracer instead which is likely not what you want. @ https://a.slack-edge.com/bv1-13-br/modern.vendor.4a44bda80c5358ea.min.js:3720
[   13718ms] [WARNING] Jul-19 19:11:24.796 TRACES You tried to get a team-specific tracer but didn’t provide enough context and are getting the generic tracer instead which is likely not what you want. @ https://a.slack-edge.com/bv1-13-br/modern.vendor.4a44bda80c5358ea.min.js:3720
[   13718ms] [INFO] Jul-19 19:11:24.796 [API-Q] (T09J1FBV3D0) c32fd661-1784455884.796 feature.usage.info called with reason: fetch-slackbot-ai-usage-on-window-open @ https://a.slack-edge.com/bv1-13-br/modern.vendor.4a44bda80c5358ea.min.js:3720
[   13718ms] [INFO] Jul-19 19:11:24.797 [API-Q] (T09J1FBV3D0) c32fd661-1784455884.796 feature.usage.info is ENQUEUED @ https://a.slack-edge.com/bv1-13-br/modern.vendor.4a44bda80c5358ea.min.js:3720
[   13719ms] [WARNING] Jul-19 19:11:24.797 TRACES You tried to get a team-specific tracer but didn’t provide enough context and are getting the generic tracer instead which is likely not what you want. @ https://a.slack-edge.com/bv1-13-br/modern.vendor.4a44bda80c5358ea.min.js:3720
[   13719ms] [WARNING] Jul-19 19:11:24.797 TRACES You tried to get a team-specific tracer but didn’t provide enough context and are getting the generic tracer instead which is likely not what you want. @ https://a.slack-edge.com/bv1-13-br/modern.vendor.4a44bda80c5358ea.min.js:3720
[   13719ms] [INFO] Jul-19 19:11:24.797 [API-Q] (T09J1FBV3D0) c32fd661-1784455884.797 slackbot.mcp.list called with reason: fetch-mcp-servers-for-shortcuts-menu @ https://a.slack-edge.com/bv1-13-br/modern.vendor.4a44bda80c5358ea.min.js:3720
[   13719ms] [INFO] Jul-19 19:11:24.797 [API-Q] (T09J1FBV3D0) c32fd661-1784455884.797 slackbot.mcp.list is ENQUEUED @ https://a.slack-edge.com/bv1-13-br/modern.vendor.4a44bda80c5358ea.min.js:3720
[   13719ms] [INFO] Jul-19 19:11:24.798 [API-Q] (T09J1FBV3D0) c32fd661-1784455884.796 feature.usage.info is ACTIVE @ https://a.slack-edge.com/bv1-13-br/modern.vendor.4a44bda80c5358ea.min.js:3720
[   13719ms] [INFO] Jul-19 19:11:24.798 [API-Q] (T09J1FBV3D0) c32fd661-1784455884.797 slackbot.mcp.list is ACTIVE @ https://a.slack-edge.com/bv1-13-br/modern.vendor.4a44bda80c5358ea.min.js:3720
[   13720ms] [INFO] Jul-19 19:11:24.798 [API-Q] (T09J1FBV3D0) noversion-1784455884.339 Flannel emojis/info is RESOLVED @ https://a.slack-edge.com/bv1-13-br/modern.vendor.4a44bda80c5358ea.min.js:3720
[   13720ms] [INFO] Jul-19 19:11:24.799 [API-Q] (T09J1FBV3D0) c32fd661-1784455884.493 admin.roles.list is RESOLVED @ https://a.slack-edge.com/bv1-13-br/modern.vendor.4a44bda80c5358ea.min.js:3720
[   13724ms] [WARNING] Jul-19 19:11:24.803 TRACES You tried to get a team-specific tracer but didn’t provide enough context and are getting the generic tracer instead which is likely not what you want. @ https://a.slack-edge.com/bv1-13-br/modern.vendor.4a44bda80c5358ea.min.js:3720
[   13725ms] [WARNING] Jul-19 19:11:24.804 TRACES You tried to get a team-specific tracer but didn’t provide enough context and are getting the generic tracer instead which is likely not what you want. @ https://a.slack-edge.com/bv1-13-br/modern.vendor.4a44bda80c5358ea.min.js:3720
[   13725ms] [WARNING] Jul-19 19:11:24.804 TRACES You tried to get a team-specific tracer but didn’t provide enough context and are getting the generic tracer instead which is likely not what you want. @ https://a.slack-edge.com/bv1-13-br/modern.vendor.4a44bda80c5358ea.min.js:3720
[   13726ms] [INFO] Jul-19 19:11:24.804 [API-Q] (T09J1FBV3D0) c32fd661-1784455884.804 megaphone.notifications.list called with reason: load-megaphone-notification-data @ https://a.slack-edge.com/bv1-13-br/modern.vendor.4a44bda80c5358ea.min.js:3720
[   13726ms] [INFO] Jul-19 19:11:24.804 [API-Q] (T09J1FBV3D0) c32fd661-1784455884.804 megaphone.notifications.list is ENQUEUED @ https://a.slack-edge.com/bv1-13-br/modern.vendor.4a44bda80c5358ea.min.js:3720
[   13726ms] [INFO] Jul-19 19:11:24.805 [API-Q] (T09J1FBV3D0) c32fd661-1784455884.804 megaphone.notifications.list is ACTIVE @ https://a.slack-edge.com/bv1-13-br/modern.vendor.4a44bda80c5358ea.min.js:3720
[   13726ms] [INFO] Jul-19 19:11:24.805 [UFM-PERMISSIONS] (T09J1FBV3D0) requesting ADD_FULL_USER_TO_WORKSPACE (1) @ https://a.slack-edge.com/bv1-13-br/modern.vendor.4a44bda80c5358ea.min.js:3720
[   13726ms] [WARNING] Jul-19 19:11:24.805 TRACES You tried to get a team-specific tracer but didn’t provide enough context and are getting the generic tracer instead which is likely not what you want. @ https://a.slack-edge.com/bv1-13-br/modern.vendor.4a44bda80c5358ea.min.js:3720
[   13727ms] [WARNING] Jul-19 19:11:24.805 TRACES You tried to get a team-specific tracer but didn’t provide enough context and are getting the generic tracer instead which is likely not what you want. @ https://a.slack-edge.com/bv1-13-br/modern.vendor.4a44bda80c5358ea.min.js:3720
[   13727ms] [INFO] Jul-19 19:11:24.805 [API-Q] (T09J1FBV3D0) noversion-1784455884.805 Flannel permissions/info called with reason: flannel-call:permissions/info @ https://a.slack-edge.com/bv1-13-br/modern.vendor.4a44bda80c5358ea.min.js:3720
[   13727ms] [INFO] Jul-19 19:11:24.805 [API-Q] (T09J1FBV3D0) noversion-1784455884.805 Flannel permissions/info is ENQUEUED @ https://a.slack-edge.com/bv1-13-br/modern.vendor.4a44bda80c5358ea.min.js:3720
[   13727ms] [INFO] Jul-19 19:11:24.805 [API-Q] (T09J1FBV3D0) noversion-1784455884.805 Flannel permissions/info is ACTIVE @ https://a.slack-edge.com/bv1-13-br/modern.vendor.4a44bda80c5358ea.min.js:3720
[   13775ms] [INFO] Jul-19 19:11:24.854 [API-Q] (T09J1FBV3D0) noversion-1784455884.805 Flannel permissions/info is RESOLVED @ https://a.slack-edge.com/bv1-13-br/modern.vendor.4a44bda80c5358ea.min.js:3720
[   13775ms] [INFO] Jul-19 19:11:24.854 [UFM-PERMISSIONS] (T09J1FBV3D0) received ADD_FULL_USER_TO_WORKSPACE (1) @ https://a.slack-edge.com/bv1-13-br/modern.vendor.4a44bda80c5358ea.min.js:3720
[   13776ms] [WARNING] Jul-19 19:11:24.854 TRACES You tried to get a team-specific tracer but didn’t provide enough context and are getting the generic tracer instead which is likely not what you want. @ https://a.slack-edge.com/bv1-13-br/modern.vendor.4a44bda80c5358ea.min.js:3720
[   13776ms] [WARNING] Jul-19 19:11:24.855 TRACES You tried to get a team-specific tracer but didn’t provide enough context and are getting the generic tracer instead which is likely not what you want. @ https://a.slack-edge.com/bv1-13-br/modern.vendor.4a44bda80c5358ea.min.js:3720
[   13776ms] [INFO] Jul-19 19:11:24.855 [API-Q] (T09J1FBV3D0) Deduped request for method: feature.usage.info @ https://a.slack-edge.com/bv1-13-br/modern.vendor.4a44bda80c5358ea.min.js:3720
[   13815ms] [INFO] Jul-19 19:11:24.893 [API-Q] (T09J1FBV3D0) noversion-1784455884.334 Flannel users/info is RESOLVED @ https://a.slack-edge.com/bv1-13-br/modern.vendor.4a44bda80c5358ea.min.js:3720
[   13905ms] [INFO] Jul-19 19:11:24.983 [API-Q] (T09J1FBV3D0) c32fd661-1784455884.162 users.admin.fetchTeamUsers is RESOLVED @ https://a.slack-edge.com/bv1-13-br/modern.vendor.4a44bda80c5358ea.min.js:3720
[   13947ms] [INFO] Jul-19 19:11:25.025 [UFM-MEMBERS] (T09J1FBV3D0) requesting U0B1U39NWK0,U0ADQN52N1L,U0BA1FW16GY,U0BHPS9RZ8Q,U0BEF99H1T6,U0BFA1CQDSN,U0BEJ3U2QPP,U0BJ4D8TY11,U0BEJ3SL15K,U0BFLRWJ07K,U0BFNLBH4FN (1) @ https://a.slack-edge.com/bv1-13-br/modern.vendor.4a44bda80c5358ea.min.js:3720
[   13947ms] [WARNING] Jul-19 19:11:25.026 TRACES You tried to get a team-specific tracer but didn’t provide enough context and are getting the generic tracer instead which is likely not what you want. @ https://a.slack-edge.com/bv1-13-br/modern.vendor.4a44bda80c5358ea.min.js:3720
[   13947ms] [WARNING] Jul-19 19:11:25.026 TRACES You tried to get a team-specific tracer but didn’t provide enough context and are getting the generic tracer instead which is likely not what you want. @ https://a.slack-edge.com/bv1-13-br/modern.vendor.4a44bda80c5358ea.min.js:3720
[   13947ms] [INFO] Jul-19 19:11:25.026 [API-Q] (T09J1FBV3D0) noversion-1784455885.026 Flannel users/info called with reason: flannel-call:users/info @ https://a.slack-edge.com/bv1-13-br/modern.vendor.4a44bda80c5358ea.min.js:3720
[   13947ms] [INFO] Jul-19 19:11:25.026 [API-Q] (T09J1FBV3D0) noversion-1784455885.026 Flannel users/info is ENQUEUED @ https://a.slack-edge.com/bv1-13-br/modern.vendor.4a44bda80c5358ea.min.js:3720
[   13948ms] [INFO] Jul-19 19:11:25.026 [API-Q] (T09J1FBV3D0) noversion-1784455885.026 Flannel users/info is ACTIVE @ https://a.slack-edge.com/bv1-13-br/modern.vendor.4a44bda80c5358ea.min.js:3720
[   13948ms] [INFO] Jul-19 19:11:25.026 [API-Q] (T09J1FBV3D0) c32fd661-1784455884.804 megaphone.notifications.list is RESOLVED @ https://a.slack-edge.com/bv1-13-br/modern.vendor.4a44bda80c5358ea.min.js:3720
[   13949ms] [INFO] Jul-19 19:11:25.027 [UFM-PERMISSIONS] (T09J1FBV3D0) requesting REMOVE_FULL_USER_FROM_WORKSPACE (1) @ https://a.slack-edge.com/bv1-13-br/modern.vendor.4a44bda80c5358ea.min.js:3720
[   13949ms] [WARNING] Jul-19 19:11:25.027 TRACES You tried to get a team-specific tracer but didn’t provide enough context and are getting the generic tracer instead which is likely not what you want. @ https://a.slack-edge.com/bv1-13-br/modern.vendor.4a44bda80c5358ea.min.js:3720
[   13949ms] [WARNING] Jul-19 19:11:25.028 TRACES You tried to get a team-specific tracer but didn’t provide enough context and are getting the generic tracer instead which is likely not what you want. @ https://a.slack-edge.com/bv1-13-br/modern.vendor.4a44bda80c5358ea.min.js:3720
[   13949ms] [INFO] Jul-19 19:11:25.028 [API-Q] (T09J1FBV3D0) noversion-1784455885.027 Flannel permissions/info called with reason: flannel-call:permissions/info @ https://a.slack-edge.com/bv1-13-br/modern.vendor.4a44bda80c5358ea.min.js:3720
[   13949ms] [INFO] Jul-19 19:11:25.028 [API-Q] (T09J1FBV3D0) noversion-1784455885.027 Flannel permissions/info is ENQUEUED @ https://a.slack-edge.com/bv1-13-br/modern.vendor.4a44bda80c5358ea.min.js:3720
[   13949ms] [INFO] Jul-19 19:11:25.028 [API-Q] (T09J1FBV3D0) noversion-1784455885.027 Flannel permissions/info is ACTIVE @ https://a.slack-edge.com/bv1-13-br/modern.vendor.4a44bda80c5358ea.min.js:3720
[   13952ms] [WARNING] Jul-19 19:11:25.031 TRACES You tried to get a team-specific tracer but didn’t provide enough context and are getting the generic tracer instead which is likely not what you want. @ https://a.slack-edge.com/bv1-13-br/modern.vendor.4a44bda80c5358ea.min.js:3720
[   13955ms] [INFO] Jul-19 19:11:25.033 [API-Q] (T09J1FBV3D0) c32fd661-1784455884.796 feature.usage.info is RESOLVED @ https://a.slack-edge.com/bv1-13-br/modern.vendor.4a44bda80c5358ea.min.js:3720
[   13978ms] [INFO] Jul-19 19:11:25.057 [API-Q] (T09J1FBV3D0) c32fd661-1784455884.797 slackbot.mcp.list is RESOLVED @ https://a.slack-edge.com/bv1-13-br/modern.vendor.4a44bda80c5358ea.min.js:3720
[   13992ms] [INFO] Jul-19 19:11:25.071 [API-Q] (T09J1FBV3D0) noversion-1784455885.026 Flannel users/info is RESOLVED @ https://a.slack-edge.com/bv1-13-br/modern.vendor.4a44bda80c5358ea.min.js:3720
[   13993ms] [INFO] Jul-19 19:11:25.071 [UFM-MEMBERS] (T09J1FBV3D0) received U0B1U39NWK0,U0ADQN52N1L,U0BA1FW16GY,U0BHPS9RZ8Q,U0BEF99H1T6,U0BFA1CQDSN,U0BEJ3U2QPP,U0BJ4D8TY11,U0BEJ3SL15K,U0BFLRWJ07K,U0BFNLBH4FN (1) @ https://a.slack-edge.com/bv1-13-br/modern.vendor.4a44bda80c5358ea.min.js:3720
[   13998ms] [INFO] Jul-19 19:11:25.076 [API-Q] (T09J1FBV3D0) noversion-1784455885.027 Flannel permissions/info is RESOLVED @ https://a.slack-edge.com/bv1-13-br/modern.vendor.4a44bda80c5358ea.min.js:3720
[   13998ms] [INFO] Jul-19 19:11:25.076 [UFM-PERMISSIONS] (T09J1FBV3D0) received REMOVE_FULL_USER_FROM_WORKSPACE (1) @ https://a.slack-edge.com/bv1-13-br/modern.vendor.4a44bda80c5358ea.min.js:3720
[   45083ms] [ERROR] Access to XMLHttpRequest at 'https://slack.com/clog/track/' from origin 'https://tsahead.slack.com' has been blocked by CORS policy: No 'Access-Control-Allow-Origin' header is present on the requested resource. @ https://tsahead.slack.com/admin:0
[   45083ms] [ERROR] Failed to load resource: net::ERR_FAILED @ https://slack.com/clog/track/:0
[   45227ms] [ERROR] Access to XMLHttpRequest at 'https://slack.com/clog/track/' from origin 'https://tsahead.slack.com' has been blocked by CORS policy: No 'Access-Control-Allow-Origin' header is present on the requested resource. @ https://tsahead.slack.com/admin:0
[   45227ms] [ERROR] Failed to load resource: net::ERR_FAILED @ https://slack.com/clog/track/:0
[   73043ms] [WARNING] Jul-19 19:12:24.121 TRACES You tried to get a team-specific tracer but didn’t provide enough context and are getting the generic tracer instead which is likely not what you want. @ https://a.slack-edge.com/bv1-13-br/modern.vendor.4a44bda80c5358ea.min.js:3720
[   73045ms] [INFO] Jul-19 19:12:24.124 [GS_REQUEST] (T09J1FBV3D0) received a user_change_subscribe_request call while we are not connected; deferring @ https://a.slack-edge.com/bv1-13-br/modern.vendor.4a44bda80c5358ea.min.js:3720
[   73046ms] [WARNING] Jul-19 19:12:24.124 TRACES You tried to get a team-specific tracer but didn’t provide enough context and are getting the generic tracer instead which is likely not what you want. @ https://a.slack-edge.com/bv1-13-br/modern.vendor.4a44bda80c5358ea.min.js:3720
[   73046ms] [WARNING] Jul-19 19:12:24.124 TRACES You tried to get a team-specific tracer but didn’t provide enough context and are getting the generic tracer instead which is likely not what you want. @ https://a.slack-edge.com/bv1-13-br/modern.vendor.4a44bda80c5358ea.min.js:3720
[   73046ms] [INFO] Jul-19 19:12:24.125 [API-Q] (T09J1FBV3D0) noversion-1784455944.124 Flannel users/info called with reason: flannel-call:users/info @ https://a.slack-edge.com/bv1-13-br/modern.vendor.4a44bda80c5358ea.min.js:3720
[   73046ms] [INFO] Jul-19 19:12:24.125 [API-Q] (T09J1FBV3D0) noversion-1784455944.124 Flannel users/info is ENQUEUED @ https://a.slack-edge.com/bv1-13-br/modern.vendor.4a44bda80c5358ea.min.js:3720
[   73047ms] [INFO] Jul-19 19:12:24.125 [API-Q] (T09J1FBV3D0) noversion-1784455944.124 Flannel users/info is ACTIVE @ https://a.slack-edge.com/bv1-13-br/modern.vendor.4a44bda80c5358ea.min.js:3720
[   73096ms] [INFO] Jul-19 19:12:24.174 [API-Q] (T09J1FBV3D0) noversion-1784455944.124 Flannel users/info is RESOLVED @ https://a.slack-edge.com/bv1-13-br/modern.vendor.4a44bda80c5358ea.min.js:3720
[  113632ms] [WARNING] Jul-19 19:13:04.710 TRACES You tried to get a team-specific tracer but didn’t provide enough context and are getting the generic tracer instead which is likely not what you want. @ https://a.slack-edge.com/bv1-13-br/modern.vendor.4a44bda80c5358ea.min.js:3720
[  113632ms] [WARNING] Jul-19 19:13:04.710 TRACES You tried to get a team-specific tracer but didn’t provide enough context and are getting the generic tracer instead which is likely not what you want. @ https://a.slack-edge.com/bv1-13-br/modern.vendor.4a44bda80c5358ea.min.js:3720
[  113632ms] [INFO] Jul-19 19:13:04.711 [API-Q] (T09J1FBV3D0) c32fd661-1784455984.710 users.profile.getExtras called with reason: WorkpaceMembersTable__loadChannels @ https://a.slack-edge.com/bv1-13-br/modern.vendor.4a44bda80c5358ea.min.js:3720
[  113632ms] [INFO] Jul-19 19:13:04.711 [API-Q] (T09J1FBV3D0) c32fd661-1784455984.710 users.profile.getExtras is ENQUEUED @ https://a.slack-edge.com/bv1-13-br/modern.vendor.4a44bda80c5358ea.min.js:3720
[  113637ms] [WARNING] Jul-19 19:13:04.716 (T09J1FBV3D0) [PORTABLE-REACT-MODAL] Unable to find undefined @ https://a.slack-edge.com/bv1-13-br/modern.vendor.4a44bda80c5358ea.min.js:3720
[  113649ms] [INFO] Jul-19 19:13:04.727 [API-Q] (T09J1FBV3D0) c32fd661-1784455984.710 users.profile.getExtras is ACTIVE @ https://a.slack-edge.com/bv1-13-br/modern.vendor.4a44bda80c5358ea.min.js:3720
[  114080ms] [INFO] Jul-19 19:13:05.159 [API-Q] (T09J1FBV3D0) c32fd661-1784455984.710 users.profile.getExtras is RESOLVED @ https://a.slack-edge.com/bv1-13-br/modern.vendor.4a44bda80c5358ea.min.js:3720
[  114081ms] [WARNING] Jul-19 19:13:05.159 TRACES You tried to get a team-specific tracer but didn’t provide enough context and are getting the generic tracer instead which is likely not what you want. @ https://a.slack-edge.com/bv1-13-br/modern.vendor.4a44bda80c5358ea.min.js:3720
[  114081ms] [WARNING] Jul-19 19:13:05.160 TRACES You tried to get a team-specific tracer but didn’t provide enough context and are getting the generic tracer instead which is likely not what you want. @ https://a.slack-edge.com/bv1-13-br/modern.vendor.4a44bda80c5358ea.min.js:3720
[  114081ms] [WARNING] Jul-19 19:13:05.160 TRACES You tried to get a team-specific tracer but didn’t provide enough context and are getting the generic tracer instead which is likely not what you want. @ https://a.slack-edge.com/bv1-13-br/modern.vendor.4a44bda80c5358ea.min.js:3720
[  114081ms] [INFO] Jul-19 19:13:05.160 [API-Q] (T09J1FBV3D0) c32fd661-1784455985.160 conversations.genericInfo called with reason: workspace-members-change-account-type-guest @ https://a.slack-edge.com/bv1-13-br/modern.vendor.4a44bda80c5358ea.min.js:3720
[  114081ms] [INFO] Jul-19 19:13:05.160 [API-Q] (T09J1FBV3D0) c32fd661-1784455985.160 conversations.genericInfo is ENQUEUED @ https://a.slack-edge.com/bv1-13-br/modern.vendor.4a44bda80c5358ea.min.js:3720
[  114082ms] [INFO] Jul-19 19:13:05.160 [API-Q] (T09J1FBV3D0) c32fd661-1784455985.160 conversations.genericInfo is ACTIVE @ https://a.slack-edge.com/bv1-13-br/modern.vendor.4a44bda80c5358ea.min.js:3720
[  114445ms] [INFO] Jul-19 19:13:05.524 [API-Q] (T09J1FBV3D0) c32fd661-1784455985.160 conversations.genericInfo is RESOLVED @ https://a.slack-edge.com/bv1-13-br/modern.vendor.4a44bda80c5358ea.min.js:3720
[  114472ms] [INFO] Jul-19 19:13:05.550 [OBJECT-STORE-T09J1FBV] openDB initializing at version 317 @ https://a.slack-edge.com/bv1-13-br/modern.vendor.4a44bda80c5358ea.min.js:3720
[  114472ms] [INFO] Jul-19 19:13:05.550 [OBJECT-STORE-T09J1FBV] openDB adding stores [sundryStorage] @ https://a.slack-edge.com/bv1-13-br/modern.vendor.4a44bda80c5358ea.min.js:3720
[  114472ms] [INFO] Jul-19 19:13:05.550 [OBJECT-STORE-T09J1FBV] openDB removing stores [] @ https://a.slack-edge.com/bv1-13-br/modern.vendor.4a44bda80c5358ea.min.js:3720
[  114472ms] [INFO] Jul-19 19:13:05.550 [OBJECT-STORE-T09J1FBV] openDB clearing stores [] @ https://a.slack-edge.com/bv1-13-br/modern.vendor.4a44bda80c5358ea.min.js:3720
[  115947ms] [WARNING] Jul-19 19:13:07.026 TRACES You tried to get a team-specific tracer but didn’t provide enough context and are getting the generic tracer instead which is likely not what you want. @ https://a.slack-edge.com/bv1-13-br/modern.vendor.4a44bda80c5358ea.min.js:3720
[  115948ms] [WARNING] Jul-19 19:13:07.026 TRACES You tried to get a team-specific tracer but didn’t provide enough context and are getting the generic tracer instead which is likely not what you want. @ https://a.slack-edge.com/bv1-13-br/modern.vendor.4a44bda80c5358ea.min.js:3720
[  115949ms] [ERROR] Warning: react-modal: App element is not defined. Please use `Modal.setAppElement(el)` or set `appElement={el}`. This is needed so screen readers don't see main content when modal is opened. It is not recommended, but you can opt-out by setting `ariaHideApp={false}`. @ https://a.slack-edge.com/bv1-13-br/modern.vendor.4a44bda80c5358ea.min.js:245
[  115966ms] [INFO] Jul-19 19:13:07.044 [UFM-PERMISSIONS] (T09J1FBV3D0) requesting CONVERT_TO_GUEST (1) @ https://a.slack-edge.com/bv1-13-br/modern.vendor.4a44bda80c5358ea.min.js:3720
[  115966ms] [WARNING] Jul-19 19:13:07.044 TRACES You tried to get a team-specific tracer but didn’t provide enough context and are getting the generic tracer instead which is likely not what you want. @ https://a.slack-edge.com/bv1-13-br/modern.vendor.4a44bda80c5358ea.min.js:3720
[  115966ms] [WARNING] Jul-19 19:13:07.044 TRACES You tried to get a team-specific tracer but didn’t provide enough context and are getting the generic tracer instead which is likely not what you want. @ https://a.slack-edge.com/bv1-13-br/modern.vendor.4a44bda80c5358ea.min.js:3720
[  115966ms] [INFO] Jul-19 19:13:07.044 [API-Q] (T09J1FBV3D0) noversion-1784455987.044 Flannel permissions/info called with reason: flannel-call:permissions/info @ https://a.slack-edge.com/bv1-13-br/modern.vendor.4a44bda80c5358ea.min.js:3720
[  115966ms] [INFO] Jul-19 19:13:07.045 [API-Q] (T09J1FBV3D0) noversion-1784455987.044 Flannel permissions/info is ENQUEUED @ https://a.slack-edge.com/bv1-13-br/modern.vendor.4a44bda80c5358ea.min.js:3720
[  115966ms] [INFO] Jul-19 19:13:07.045 [API-Q] (T09J1FBV3D0) noversion-1784455987.044 Flannel permissions/info is ACTIVE @ https://a.slack-edge.com/bv1-13-br/modern.vendor.4a44bda80c5358ea.min.js:3720
[  116023ms] [INFO] Jul-19 19:13:07.102 [API-Q] (T09J1FBV3D0) noversion-1784455987.044 Flannel permissions/info is RESOLVED @ https://a.slack-edge.com/bv1-13-br/modern.vendor.4a44bda80c5358ea.min.js:3720
[  116023ms] [INFO] Jul-19 19:13:07.102 [UFM-PERMISSIONS] (T09J1FBV3D0) received CONVERT_TO_GUEST (1) @ https://a.slack-edge.com/bv1-13-br/modern.vendor.4a44bda80c5358ea.min.js:3720
[  128883ms] [WARNING] Jul-19 19:13:19.961 TRACES You tried to get a team-specific tracer but didn’t provide enough context and are getting the generic tracer instead which is likely not what you want. @ https://a.slack-edge.com/bv1-13-br/modern.vendor.4a44bda80c5358ea.min.js:3720
[  128883ms] [WARNING] Jul-19 19:13:19.961 TRACES You tried to get a team-specific tracer but didn’t provide enough context and are getting the generic tracer instead which is likely not what you want. @ https://a.slack-edge.com/bv1-13-br/modern.vendor.4a44bda80c5358ea.min.js:3720
[  128883ms] [INFO] Jul-19 19:13:19.961 [API-Q] (T09J1FBV3D0) noversion-1784455999.961 Flannel channels/search called with reason: flannel-call:channels/search @ https://a.slack-edge.com/bv1-13-br/modern.vendor.4a44bda80c5358ea.min.js:3720
[  128883ms] [INFO] Jul-19 19:13:19.961 [API-Q] (T09J1FBV3D0) noversion-1784455999.961 Flannel channels/search is ENQUEUED @ https://a.slack-edge.com/bv1-13-br/modern.vendor.4a44bda80c5358ea.min.js:3720
[  128883ms] [INFO] Jul-19 19:13:19.962 [API-Q] (T09J1FBV3D0) noversion-1784455999.961 Flannel channels/search is ACTIVE @ https://a.slack-edge.com/bv1-13-br/modern.vendor.4a44bda80c5358ea.min.js:3720
[  128940ms] [INFO] Jul-19 19:13:20.019 [API-Q] (T09J1FBV3D0) noversion-1784455999.961 Flannel channels/search is RESOLVED @ https://a.slack-edge.com/bv1-13-br/modern.vendor.4a44bda80c5358ea.min.js:3720
[  128945ms] [WARNING] Jul-19 19:13:20.023 TRACES You tried to get a team-specific tracer but didn’t provide enough context and are getting the generic tracer instead which is likely not what you want. @ https://a.slack-edge.com/bv1-13-br/modern.vendor.4a44bda80c5358ea.min.js:3720
[  128945ms] [WARNING] Jul-19 19:13:20.024 TRACES You tried to get a team-specific tracer but didn’t provide enough context and are getting the generic tracer instead which is likely not what you want. @ https://a.slack-edge.com/bv1-13-br/modern.vendor.4a44bda80c5358ea.min.js:3720
[  128945ms] [INFO] Jul-19 19:13:20.024 [API-Q] (T09J1FBV3D0) c32fd661-1784456000.024 search.autocomplete.offlineFeatures called with reason: search-offline-features @ https://a.slack-edge.com/bv1-13-br/modern.vendor.4a44bda80c5358ea.min.js:3720
[  128945ms] [INFO] Jul-19 19:13:20.024 [API-Q] (T09J1FBV3D0) c32fd661-1784456000.024 search.autocomplete.offlineFeatures is ENQUEUED @ https://a.slack-edge.com/bv1-13-br/modern.vendor.4a44bda80c5358ea.min.js:3720
[  128947ms] [INFO] Jul-19 19:13:20.026 [API-Q] (T09J1FBV3D0) c32fd661-1784456000.024 search.autocomplete.offlineFeatures is ACTIVE @ https://a.slack-edge.com/bv1-13-br/modern.vendor.4a44bda80c5358ea.min.js:3720
[  128948ms] [WARNING] Jul-19 19:13:20.026 TRACES You tried to get a team-specific tracer but didn’t provide enough context and are getting the generic tracer instead which is likely not what you want. @ https://a.slack-edge.com/bv1-13-br/modern.vendor.4a44bda80c5358ea.min.js:3720
[  128948ms] [WARNING] Jul-19 19:13:20.027 TRACES You tried to get a team-specific tracer but didn’t provide enough context and are getting the generic tracer instead which is likely not what you want. @ https://a.slack-edge.com/bv1-13-br/modern.vendor.4a44bda80c5358ea.min.js:3720
[  128948ms] [INFO] Jul-19 19:13:20.027 [API-Q] (T09J1FBV3D0) c32fd661-1784456000.026 search.autocomplete.model called with reason: AutocompleteModelCache @ https://a.slack-edge.com/bv1-13-br/modern.vendor.4a44bda80c5358ea.min.js:3720
[  128948ms] [INFO] Jul-19 19:13:20.027 [API-Q] (T09J1FBV3D0) c32fd661-1784456000.026 search.autocomplete.model is ENQUEUED @ https://a.slack-edge.com/bv1-13-br/modern.vendor.4a44bda80c5358ea.min.js:3720
[  128948ms] [WARNING] Jul-19 19:13:20.027 TRACES You tried to get a team-specific tracer but didn’t provide enough context and are getting the generic tracer instead which is likely not what you want. @ https://a.slack-edge.com/bv1-13-br/modern.vendor.4a44bda80c5358ea.min.js:3720
[  128948ms] [WARNING] Jul-19 19:13:20.027 TRACES You tried to get a team-specific tracer but didn’t provide enough context and are getting the generic tracer instead which is likely not what you want. @ https://a.slack-edge.com/bv1-13-br/modern.vendor.4a44bda80c5358ea.min.js:3720
[  128948ms] [INFO] Jul-19 19:13:20.027 [API-Q] (T09J1FBV3D0) c32fd661-1784456000.027 search.autocomplete.intentModel called with reason: AutocompleteModelCache @ https://a.slack-edge.com/bv1-13-br/modern.vendor.4a44bda80c5358ea.min.js:3720
[  128948ms] [INFO] Jul-19 19:13:20.027 [API-Q] (T09J1FBV3D0) c32fd661-1784456000.027 search.autocomplete.intentModel is ENQUEUED @ https://a.slack-edge.com/bv1-13-br/modern.vendor.4a44bda80c5358ea.min.js:3720
[  128953ms] [INFO] Jul-19 19:13:20.031 [API-Q] (T09J1FBV3D0) c32fd661-1784456000.026 search.autocomplete.model is ACTIVE @ https://a.slack-edge.com/bv1-13-br/modern.vendor.4a44bda80c5358ea.min.js:3720
[  128953ms] [INFO] Jul-19 19:13:20.031 [API-Q] (T09J1FBV3D0) c32fd661-1784456000.027 search.autocomplete.intentModel is ACTIVE @ https://a.slack-edge.com/bv1-13-br/modern.vendor.4a44bda80c5358ea.min.js:3720
[  128955ms] [INFO] Jul-19 19:13:20.033 [UFM] (T09J1FBV3D0) requesting C09J1FC8TMG,C0AEKC5S7M0,C0BHR8PQ5KJ,C09J1DAP16E,C0AKN5TTPTM,C0AJRPEHJF6,C0B9KJ4EX5G,C0B9TTGTGA2,C0B7QH4QMJ4,C0AC1LQ760G,C0BHH71C0G4,C0AFHGYL6V7,C0BDTU6V4V8,C0B1NU8SEPP,C0BFUMA8BLG,C0AM7M0V6BY,C0AEM7FB3FA,C0A2X11L89M,C0ADSPY3E1G,C0AF3CTAAJC,C0BFSHQJW4D,C0BJECR5UJY,C09T070V01J,C0ARYPMK0J1,C0ADSRGKU3U,C0BG4D86FPG (1) @ https://a.slack-edge.com/bv1-13-br/modern.vendor.4a44bda80c5358ea.min.js:3720
[  128955ms] [WARNING] Jul-19 19:13:20.033 TRACES You tried to get a team-specific tracer but didn’t provide enough context and are getting the generic tracer instead which is likely not what you want. @ https://a.slack-edge.com/bv1-13-br/modern.vendor.4a44bda80c5358ea.min.js:3720
[  128955ms] [WARNING] Jul-19 19:13:20.034 TRACES You tried to get a team-specific tracer but didn’t provide enough context and are getting the generic tracer instead which is likely not what you want. @ https://a.slack-edge.com/bv1-13-br/modern.vendor.4a44bda80c5358ea.min.js:3720
[  128955ms] [INFO] Jul-19 19:13:20.034 [API-Q] (T09J1FBV3D0) c32fd661-1784456000.034 client.counts called with reason: omniswitcher-fetch-timestamps @ https://a.slack-edge.com/bv1-13-br/modern.vendor.4a44bda80c5358ea.min.js:3720
[  128955ms] [INFO] Jul-19 19:13:20.034 [API-Q] (T09J1FBV3D0) c32fd661-1784456000.034 client.counts is ENQUEUED @ https://a.slack-edge.com/bv1-13-br/modern.vendor.4a44bda80c5358ea.min.js:3720
[  128955ms] [INFO] Jul-19 19:13:20.034 [API-Q] (T09J1FBV3D0) c32fd661-1784456000.034 client.counts is ACTIVE @ https://a.slack-edge.com/bv1-13-br/modern.vendor.4a44bda80c5358ea.min.js:3720
[  129178ms] [INFO] Jul-19 19:13:20.256 [API-Q] (T09J1FBV3D0) c32fd661-1784456000.027 search.autocomplete.intentModel is RESOLVED @ https://a.slack-edge.com/bv1-13-br/modern.vendor.4a44bda80c5358ea.min.js:3720
[  129320ms] [INFO] Jul-19 19:13:20.399 [API-Q] (T09J1FBV3D0) c32fd661-1784456000.026 search.autocomplete.model is RESOLVED @ https://a.slack-edge.com/bv1-13-br/modern.vendor.4a44bda80c5358ea.min.js:3720
[  129327ms] [INFO] Jul-19 19:13:20.406 [API-Q] (T09J1FBV3D0) c32fd661-1784456000.024 search.autocomplete.offlineFeatures is RESOLVED @ https://a.slack-edge.com/bv1-13-br/modern.vendor.4a44bda80c5358ea.min.js:3720
[  129333ms] [INFO] Jul-19 19:13:20.412 [API-Q] (T09J1FBV3D0) c32fd661-1784456000.034 client.counts is RESOLVED @ https://a.slack-edge.com/bv1-13-br/modern.vendor.4a44bda80c5358ea.min.js:3720
[  129333ms] [INFO] Jul-19 19:13:20.412 [UFM] (T09J1FBV3D0) received C09J1FC8TMG,C0AEKC5S7M0,C0BHR8PQ5KJ,C09J1DAP16E,C0AKN5TTPTM,C0AJRPEHJF6,C0B9KJ4EX5G,C0B9TTGTGA2,C0B7QH4QMJ4,C0AC1LQ760G,C0BHH71C0G4,C0AFHGYL6V7,C0BDTU6V4V8,C0B1NU8SEPP,C0BFUMA8BLG,C0AM7M0V6BY,C0AEM7FB3FA,C0A2X11L89M,C0ADSPY3E1G,C0AF3CTAAJC,C0BFSHQJW4D,C0BJECR5UJY,C09T070V01J,C0ARYPMK0J1,C0ADSRGKU3U,C0BG4D86FPG (1) @ https://a.slack-edge.com/bv1-13-br/modern.vendor.4a44bda80c5358ea.min.js:3720
[  129334ms] [WARNING] Jul-19 19:13:20.412 UFM (T09J1FBV3D0) UnknownFetchManager requested 26 objects but received 25. Missing objects: C09T070V01J @ https://a.slack-edge.com/bv1-13-br/modern.vendor.4a44bda80c5358ea.min.js:3720
[  133046ms] [WARNING] Jul-19 19:13:24.125 TRACES You tried to get a team-specific tracer but didn’t provide enough context and are getting the generic tracer instead which is likely not what you want. @ https://a.slack-edge.com/bv1-13-br/modern.vendor.4a44bda80c5358ea.min.js:3720
[  139818ms] [WARNING] Jul-19 19:13:30.896 TRACES You tried to get a team-specific tracer but didn’t provide enough context and are getting the generic tracer instead which is likely not what you want. @ https://a.slack-edge.com/bv1-13-br/modern.vendor.4a44bda80c5358ea.min.js:3720
[  139818ms] [WARNING] Jul-19 19:13:30.897 TRACES You tried to get a team-specific tracer but didn’t provide enough context and are getting the generic tracer instead which is likely not what you want. @ https://a.slack-edge.com/bv1-13-br/modern.vendor.4a44bda80c5358ea.min.js:3720
[  139818ms] [WARNING] Jul-19 19:13:30.897 TRACES You tried to get a team-specific tracer but didn’t provide enough context and are getting the generic tracer instead which is likely not what you want. @ https://a.slack-edge.com/bv1-13-br/modern.vendor.4a44bda80c5358ea.min.js:3720
[  139819ms] [WARNING] Jul-19 19:13:30.897 TRACES You tried to get a team-specific tracer but didn’t provide enough context and are getting the generic tracer instead which is likely not what you want. @ https://a.slack-edge.com/bv1-13-br/modern.vendor.4a44bda80c5358ea.min.js:3720
[  139819ms] [INFO] Jul-19 19:13:30.897 [API-Q] (T09J1FBV3D0) noversion-1784456010.897 Flannel channels/info called with reason: flannel-call:channels/info @ https://a.slack-edge.com/bv1-13-br/modern.vendor.4a44bda80c5358ea.min.js:3720
[  139819ms] [INFO] Jul-19 19:13:30.897 [API-Q] (T09J1FBV3D0) noversion-1784456010.897 Flannel channels/info is ENQUEUED @ https://a.slack-edge.com/bv1-13-br/modern.vendor.4a44bda80c5358ea.min.js:3720
[  139819ms] [INFO] Jul-19 19:13:30.898 [API-Q] (T09J1FBV3D0) noversion-1784456010.897 Flannel channels/info is ACTIVE @ https://a.slack-edge.com/bv1-13-br/modern.vendor.4a44bda80c5358ea.min.js:3720
[  139867ms] [WARNING] Jul-19 19:13:30.946 TRACES You tried to get a team-specific tracer but didn’t provide enough context and are getting the generic tracer instead which is likely not what you want. @ https://a.slack-edge.com/bv1-13-br/modern.vendor.4a44bda80c5358ea.min.js:3720
[  139867ms] [WARNING] Jul-19 19:13:30.946 TRACES You tried to get a team-specific tracer but didn’t provide enough context and are getting the generic tracer instead which is likely not what you want. @ https://a.slack-edge.com/bv1-13-br/modern.vendor.4a44bda80c5358ea.min.js:3720
[  139867ms] [INFO] Jul-19 19:13:30.946 [API-Q] (T09J1FBV3D0) noversion-1784456010.946 Flannel channels/search called with reason: flannel-call:channels/search @ https://a.slack-edge.com/bv1-13-br/modern.vendor.4a44bda80c5358ea.min.js:3720
[  139867ms] [INFO] Jul-19 19:13:30.946 [API-Q] (T09J1FBV3D0) noversion-1784456010.946 Flannel channels/search is ENQUEUED @ https://a.slack-edge.com/bv1-13-br/modern.vendor.4a44bda80c5358ea.min.js:3720
[  139868ms] [INFO] Jul-19 19:13:30.946 [API-Q] (T09J1FBV3D0) noversion-1784456010.946 Flannel channels/search is ACTIVE @ https://a.slack-edge.com/bv1-13-br/modern.vendor.4a44bda80c5358ea.min.js:3720
[  139871ms] [INFO] Jul-19 19:13:30.949 [API-Q] (T09J1FBV3D0) noversion-1784456010.897 Flannel channels/info is RESOLVED @ https://a.slack-edge.com/bv1-13-br/modern.vendor.4a44bda80c5358ea.min.js:3720
[  139924ms] [INFO] Jul-19 19:13:31.002 [API-Q] (T09J1FBV3D0) noversion-1784456010.946 Flannel channels/search is RESOLVED @ https://a.slack-edge.com/bv1-13-br/modern.vendor.4a44bda80c5358ea.min.js:3720
[  139928ms] [INFO] Jul-19 19:13:31.007 [UFM] (T09J1FBV3D0) requesting C09T070V01J (1) @ https://a.slack-edge.com/bv1-13-br/modern.vendor.4a44bda80c5358ea.min.js:3720
[  139928ms] [WARNING] Jul-19 19:13:31.007 TRACES You tried to get a team-specific tracer but didn’t provide enough context and are getting the generic tracer instead which is likely not what you want. @ https://a.slack-edge.com/bv1-13-br/modern.vendor.4a44bda80c5358ea.min.js:3720
[  139929ms] [WARNING] Jul-19 19:13:31.007 TRACES You tried to get a team-specific tracer but didn’t provide enough context and are getting the generic tracer instead which is likely not what you want. @ https://a.slack-edge.com/bv1-13-br/modern.vendor.4a44bda80c5358ea.min.js:3720
[  139929ms] [INFO] Jul-19 19:13:31.007 [API-Q] (T09J1FBV3D0) c32fd661-1784456011.007 client.counts called with reason: omniswitcher-fetch-timestamps @ https://a.slack-edge.com/bv1-13-br/modern.vendor.4a44bda80c5358ea.min.js:3720
[  139929ms] [INFO] Jul-19 19:13:31.007 [API-Q] (T09J1FBV3D0) c32fd661-1784456011.007 client.counts is ENQUEUED @ https://a.slack-edge.com/bv1-13-br/modern.vendor.4a44bda80c5358ea.min.js:3720
[  139929ms] [INFO] Jul-19 19:13:31.007 [API-Q] (T09J1FBV3D0) c32fd661-1784456011.007 client.counts is ACTIVE @ https://a.slack-edge.com/bv1-13-br/modern.vendor.4a44bda80c5358ea.min.js:3720
[  140312ms] [INFO] Jul-19 19:13:31.390 [API-Q] (T09J1FBV3D0) c32fd661-1784456011.007 client.counts is RESOLVED @ https://a.slack-edge.com/bv1-13-br/modern.vendor.4a44bda80c5358ea.min.js:3720
[  140312ms] [INFO] Jul-19 19:13:31.391 [UFM] (T09J1FBV3D0) received C09T070V01J (1) @ https://a.slack-edge.com/bv1-13-br/modern.vendor.4a44bda80c5358ea.min.js:3720
[  140312ms] [WARNING] Jul-19 19:13:31.391 UFM (T09J1FBV3D0) UnknownFetchManager requested 1 objects but received 0. Missing objects: C09T070V01J @ https://a.slack-edge.com/bv1-13-br/modern.vendor.4a44bda80c5358ea.min.js:3720
[  142335ms] [ERROR] Access to XMLHttpRequest at 'https://slack.com/clog/track/' from origin 'https://tsahead.slack.com' has been blocked by CORS policy: No 'Access-Control-Allow-Origin' header is present on the requested resource. @ https://tsahead.slack.com/admin:0
[  142335ms] [ERROR] Failed to load resource: net::ERR_FAILED @ https://slack.com/clog/track/:0
[  150336ms] [INFO] Jul-19 19:13:41.414 [API-Q] (T09J1FBV3D0) noversion-1784456010.946 Flannel channels/search is REJECTED: promise was cancelled @ https://a.slack-edge.com/bv1-13-br/modern.vendor.4a44bda80c5358ea.min.js:3720
[  150336ms] [WARNING] Jul-19 19:13:41.415 TRACES You tried to get a team-specific tracer but didn’t provide enough context and are getting the generic tracer instead which is likely not what you want. @ https://a.slack-edge.com/bv1-13-br/modern.vendor.4a44bda80c5358ea.min.js:3720
[  150336ms] [WARNING] Jul-19 19:13:41.415 TRACES You tried to get a team-specific tracer but didn’t provide enough context and are getting the generic tracer instead which is likely not what you want. @ https://a.slack-edge.com/bv1-13-br/modern.vendor.4a44bda80c5358ea.min.js:3720
[  150336ms] [INFO] Jul-19 19:13:41.415 [API-Q] (T09J1FBV3D0) noversion-1784456021.415 Flannel channels/search called with reason: flannel-call:channels/search @ https://a.slack-edge.com/bv1-13-br/modern.vendor.4a44bda80c5358ea.min.js:3720
[  150336ms] [INFO] Jul-19 19:13:41.415 [API-Q] (T09J1FBV3D0) noversion-1784456021.415 Flannel channels/search is ENQUEUED @ https://a.slack-edge.com/bv1-13-br/modern.vendor.4a44bda80c5358ea.min.js:3720
[  150337ms] [INFO] Jul-19 19:13:41.415 [API-Q] (T09J1FBV3D0) noversion-1784456021.415 Flannel channels/search is ACTIVE @ https://a.slack-edge.com/bv1-13-br/modern.vendor.4a44bda80c5358ea.min.js:3720
[  150388ms] [INFO] Jul-19 19:13:41.467 [API-Q] (T09J1FBV3D0) noversion-1784456021.415 Flannel channels/search is RESOLVED @ https://a.slack-edge.com/bv1-13-br/modern.vendor.4a44bda80c5358ea.min.js:3720
[  150401ms] [INFO] Jul-19 19:13:41.480 [UFM] (T09J1FBV3D0) requesting C0BJ9Q6L2E4 (1) @ https://a.slack-edge.com/bv1-13-br/modern.vendor.4a44bda80c5358ea.min.js:3720
[  150401ms] [WARNING] Jul-19 19:13:41.480 TRACES You tried to get a team-specific tracer but didn’t provide enough context and are getting the generic tracer instead which is likely not what you want. @ https://a.slack-edge.com/bv1-13-br/modern.vendor.4a44bda80c5358ea.min.js:3720
[  150402ms] [WARNING] Jul-19 19:13:41.480 TRACES You tried to get a team-specific tracer but didn’t provide enough context and are getting the generic tracer instead which is likely not what you want. @ https://a.slack-edge.com/bv1-13-br/modern.vendor.4a44bda80c5358ea.min.js:3720
[  150402ms] [INFO] Jul-19 19:13:41.480 [API-Q] (T09J1FBV3D0) c32fd661-1784456021.480 client.counts called with reason: omniswitcher-fetch-timestamps @ https://a.slack-edge.com/bv1-13-br/modern.vendor.4a44bda80c5358ea.min.js:3720
[  150402ms] [INFO] Jul-19 19:13:41.480 [API-Q] (T09J1FBV3D0) c32fd661-1784456021.480 client.counts is ENQUEUED @ https://a.slack-edge.com/bv1-13-br/modern.vendor.4a44bda80c5358ea.min.js:3720
[  150402ms] [INFO] Jul-19 19:13:41.481 [API-Q] (T09J1FBV3D0) c32fd661-1784456021.480 client.counts is ACTIVE @ https://a.slack-edge.com/bv1-13-br/modern.vendor.4a44bda80c5358ea.min.js:3720
[  150605ms] [INFO] Jul-19 19:13:41.684 [API-Q] (T09J1FBV3D0) noversion-1784456021.415 Flannel channels/search is REJECTED: promise was cancelled @ https://a.slack-edge.com/bv1-13-br/modern.vendor.4a44bda80c5358ea.min.js:3720
[  150605ms] [WARNING] Jul-19 19:13:41.684 TRACES You tried to get a team-specific tracer but didn’t provide enough context and are getting the generic tracer instead which is likely not what you want. @ https://a.slack-edge.com/bv1-13-br/modern.vendor.4a44bda80c5358ea.min.js:3720
[  150606ms] [WARNING] Jul-19 19:13:41.684 TRACES You tried to get a team-specific tracer but didn’t provide enough context and are getting the generic tracer instead which is likely not what you want. @ https://a.slack-edge.com/bv1-13-br/modern.vendor.4a44bda80c5358ea.min.js:3720
[  150606ms] [INFO] Jul-19 19:13:41.684 [API-Q] (T09J1FBV3D0) noversion-1784456021.684 Flannel channels/search called with reason: flannel-call:channels/search @ https://a.slack-edge.com/bv1-13-br/modern.vendor.4a44bda80c5358ea.min.js:3720
[  150606ms] [INFO] Jul-19 19:13:41.684 [API-Q] (T09J1FBV3D0) noversion-1784456021.684 Flannel channels/search is ENQUEUED @ https://a.slack-edge.com/bv1-13-br/modern.vendor.4a44bda80c5358ea.min.js:3720
[  150606ms] [INFO] Jul-19 19:13:41.685 [API-Q] (T09J1FBV3D0) noversion-1784456021.684 Flannel channels/search is ACTIVE @ https://a.slack-edge.com/bv1-13-br/modern.vendor.4a44bda80c5358ea.min.js:3720
[  150658ms] [INFO] Jul-19 19:13:41.736 [API-Q] (T09J1FBV3D0) noversion-1784456021.684 Flannel channels/search is RESOLVED @ https://a.slack-edge.com/bv1-13-br/modern.vendor.4a44bda80c5358ea.min.js:3720
[  150784ms] [INFO] Jul-19 19:13:41.862 [API-Q] (T09J1FBV3D0) c32fd661-1784456021.480 client.counts is RESOLVED @ https://a.slack-edge.com/bv1-13-br/modern.vendor.4a44bda80c5358ea.min.js:3720
[  150784ms] [INFO] Jul-19 19:13:41.862 [UFM] (T09J1FBV3D0) received C0BJ9Q6L2E4 (1) @ https://a.slack-edge.com/bv1-13-br/modern.vendor.4a44bda80c5358ea.min.js:3720
[  151352ms] [INFO] Jul-19 19:13:42.431 [API-Q] (T09J1FBV3D0) noversion-1784456021.684 Flannel channels/search is REJECTED: promise was cancelled @ https://a.slack-edge.com/bv1-13-br/modern.vendor.4a44bda80c5358ea.min.js:3720
[  151403ms] [WARNING] Jul-19 19:13:42.482 TRACES You tried to get a team-specific tracer but didn’t provide enough context and are getting the generic tracer instead which is likely not what you want. @ https://a.slack-edge.com/bv1-13-br/modern.vendor.4a44bda80c5358ea.min.js:3720
[  151404ms] [WARNING] Jul-19 19:13:42.482 TRACES You tried to get a team-specific tracer but didn’t provide enough context and are getting the generic tracer instead which is likely not what you want. @ https://a.slack-edge.com/bv1-13-br/modern.vendor.4a44bda80c5358ea.min.js:3720
[  151404ms] [INFO] Jul-19 19:13:42.482 [API-Q] (T09J1FBV3D0) noversion-1784456022.482 Flannel channels/search called with reason: flannel-call:channels/search @ https://a.slack-edge.com/bv1-13-br/modern.vendor.4a44bda80c5358ea.min.js:3720
[  151404ms] [INFO] Jul-19 19:13:42.482 [API-Q] (T09J1FBV3D0) noversion-1784456022.482 Flannel channels/search is ENQUEUED @ https://a.slack-edge.com/bv1-13-br/modern.vendor.4a44bda80c5358ea.min.js:3720
[  151404ms] [INFO] Jul-19 19:13:42.483 [API-Q] (T09J1FBV3D0) noversion-1784456022.482 Flannel channels/search is ACTIVE @ https://a.slack-edge.com/bv1-13-br/modern.vendor.4a44bda80c5358ea.min.js:3720
[  151458ms] [INFO] Jul-19 19:13:42.537 [API-Q] (T09J1FBV3D0) noversion-1784456022.482 Flannel channels/search is RESOLVED @ https://a.slack-edge.com/bv1-13-br/modern.vendor.4a44bda80c5358ea.min.js:3720
[  151463ms] [INFO] Jul-19 19:13:42.541 [UFM] (T09J1FBV3D0) requesting C09T070V01J (1) @ https://a.slack-edge.com/bv1-13-br/modern.vendor.4a44bda80c5358ea.min.js:3720
[  151463ms] [WARNING] Jul-19 19:13:42.541 TRACES You tried to get a team-specific tracer but didn’t provide enough context and are getting the generic tracer instead which is likely not what you want. @ https://a.slack-edge.com/bv1-13-br/modern.vendor.4a44bda80c5358ea.min.js:3720
[  151463ms] [WARNING] Jul-19 19:13:42.542 TRACES You tried to get a team-specific tracer but didn’t provide enough context and are getting the generic tracer instead which is likely not what you want. @ https://a.slack-edge.com/bv1-13-br/modern.vendor.4a44bda80c5358ea.min.js:3720
[  151463ms] [INFO] Jul-19 19:13:42.542 [API-Q] (T09J1FBV3D0) c32fd661-1784456022.542 client.counts called with reason: omniswitcher-fetch-timestamps @ https://a.slack-edge.com/bv1-13-br/modern.vendor.4a44bda80c5358ea.min.js:3720
[  151463ms] [INFO] Jul-19 19:13:42.542 [API-Q] (T09J1FBV3D0) c32fd661-1784456022.542 client.counts is ENQUEUED @ https://a.slack-edge.com/bv1-13-br/modern.vendor.4a44bda80c5358ea.min.js:3720
[  151464ms] [INFO] Jul-19 19:13:42.542 [API-Q] (T09J1FBV3D0) c32fd661-1784456022.542 client.counts is ACTIVE @ https://a.slack-edge.com/bv1-13-br/modern.vendor.4a44bda80c5358ea.min.js:3720
[  151952ms] [INFO] Jul-19 19:13:43.030 [API-Q] (T09J1FBV3D0) c32fd661-1784456022.542 client.counts is RESOLVED @ https://a.slack-edge.com/bv1-13-br/modern.vendor.4a44bda80c5358ea.min.js:3720
[  151952ms] [INFO] Jul-19 19:13:43.031 [UFM] (T09J1FBV3D0) received C09T070V01J (1) @ https://a.slack-edge.com/bv1-13-br/modern.vendor.4a44bda80c5358ea.min.js:3720
[  151952ms] [WARNING] Jul-19 19:13:43.031 UFM (T09J1FBV3D0) UnknownFetchManager requested 1 objects but received 0. Missing objects: C09T070V01J @ https://a.slack-edge.com/bv1-13-br/modern.vendor.4a44bda80c5358ea.min.js:3720
[  152058ms] [INFO] Jul-19 19:13:43.136 [API-Q] (T09J1FBV3D0) noversion-1784456022.482 Flannel channels/search is REJECTED: promise was cancelled @ https://a.slack-edge.com/bv1-13-br/modern.vendor.4a44bda80c5358ea.min.js:3720
[  152058ms] [WARNING] Jul-19 19:13:43.136 TRACES You tried to get a team-specific tracer but didn’t provide enough context and are getting the generic tracer instead which is likely not what you want. @ https://a.slack-edge.com/bv1-13-br/modern.vendor.4a44bda80c5358ea.min.js:3720
[  152058ms] [WARNING] Jul-19 19:13:43.136 TRACES You tried to get a team-specific tracer but didn’t provide enough context and are getting the generic tracer instead which is likely not what you want. @ https://a.slack-edge.com/bv1-13-br/modern.vendor.4a44bda80c5358ea.min.js:3720
[  152058ms] [INFO] Jul-19 19:13:43.137 [API-Q] (T09J1FBV3D0) noversion-1784456023.136 Flannel channels/search called with reason: flannel-call:channels/search @ https://a.slack-edge.com/bv1-13-br/modern.vendor.4a44bda80c5358ea.min.js:3720
[  152058ms] [INFO] Jul-19 19:13:43.137 [API-Q] (T09J1FBV3D0) noversion-1784456023.136 Flannel channels/search is ENQUEUED @ https://a.slack-edge.com/bv1-13-br/modern.vendor.4a44bda80c5358ea.min.js:3720
[  152058ms] [INFO] Jul-19 19:13:43.137 [API-Q] (T09J1FBV3D0) noversion-1784456023.136 Flannel channels/search is ACTIVE @ https://a.slack-edge.com/bv1-13-br/modern.vendor.4a44bda80c5358ea.min.js:3720
[  152168ms] [INFO] Jul-19 19:13:43.246 [API-Q] (T09J1FBV3D0) noversion-1784456023.136 Flannel channels/search is RESOLVED @ https://a.slack-edge.com/bv1-13-br/modern.vendor.4a44bda80c5358ea.min.js:3720
[  152210ms] [INFO] Jul-19 19:13:43.288 [API-Q] (T09J1FBV3D0) noversion-1784456023.136 Flannel channels/search is REJECTED: promise was cancelled @ https://a.slack-edge.com/bv1-13-br/modern.vendor.4a44bda80c5358ea.min.js:3720
[  152210ms] [WARNING] Jul-19 19:13:43.289 TRACES You tried to get a team-specific tracer but didn’t provide enough context and are getting the generic tracer instead which is likely not what you want. @ https://a.slack-edge.com/bv1-13-br/modern.vendor.4a44bda80c5358ea.min.js:3720
[  152210ms] [WARNING] Jul-19 19:13:43.289 TRACES You tried to get a team-specific tracer but didn’t provide enough context and are getting the generic tracer instead which is likely not what you want. @ https://a.slack-edge.com/bv1-13-br/modern.vendor.4a44bda80c5358ea.min.js:3720
[  152210ms] [INFO] Jul-19 19:13:43.289 [API-Q] (T09J1FBV3D0) noversion-1784456023.289 Flannel channels/search called with reason: flannel-call:channels/search @ https://a.slack-edge.com/bv1-13-br/modern.vendor.4a44bda80c5358ea.min.js:3720
[  152210ms] [INFO] Jul-19 19:13:43.289 [API-Q] (T09J1FBV3D0) noversion-1784456023.289 Flannel channels/search is ENQUEUED @ https://a.slack-edge.com/bv1-13-br/modern.vendor.4a44bda80c5358ea.min.js:3720
[  152211ms] [INFO] Jul-19 19:13:43.289 [API-Q] (T09J1FBV3D0) noversion-1784456023.289 Flannel channels/search is ACTIVE @ https://a.slack-edge.com/bv1-13-br/modern.vendor.4a44bda80c5358ea.min.js:3720
[  152262ms] [INFO] Jul-19 19:13:43.340 [API-Q] (T09J1FBV3D0) noversion-1784456023.289 Flannel channels/search is RESOLVED @ https://a.slack-edge.com/bv1-13-br/modern.vendor.4a44bda80c5358ea.min.js:3720
[  152747ms] [INFO] Jul-19 19:13:43.826 [API-Q] (T09J1FBV3D0) noversion-1784456023.289 Flannel channels/search is REJECTED: promise was cancelled @ https://a.slack-edge.com/bv1-13-br/modern.vendor.4a44bda80c5358ea.min.js:3720
[  152798ms] [WARNING] Jul-19 19:13:43.877 TRACES You tried to get a team-specific tracer but didn’t provide enough context and are getting the generic tracer instead which is likely not what you want. @ https://a.slack-edge.com/bv1-13-br/modern.vendor.4a44bda80c5358ea.min.js:3720
[  152798ms] [WARNING] Jul-19 19:13:43.877 TRACES You tried to get a team-specific tracer but didn’t provide enough context and are getting the generic tracer instead which is likely not what you want. @ https://a.slack-edge.com/bv1-13-br/modern.vendor.4a44bda80c5358ea.min.js:3720
[  152798ms] [INFO] Jul-19 19:13:43.877 [API-Q] (T09J1FBV3D0) noversion-1784456023.877 Flannel channels/search called with reason: flannel-call:channels/search @ https://a.slack-edge.com/bv1-13-br/modern.vendor.4a44bda80c5358ea.min.js:3720
[  152798ms] [INFO] Jul-19 19:13:43.877 [API-Q] (T09J1FBV3D0) noversion-1784456023.877 Flannel channels/search is ENQUEUED @ https://a.slack-edge.com/bv1-13-br/modern.vendor.4a44bda80c5358ea.min.js:3720
[  152799ms] [INFO] Jul-19 19:13:43.877 [API-Q] (T09J1FBV3D0) noversion-1784456023.877 Flannel channels/search is ACTIVE @ https://a.slack-edge.com/bv1-13-br/modern.vendor.4a44bda80c5358ea.min.js:3720
[  152857ms] [INFO] Jul-19 19:13:43.935 [API-Q] (T09J1FBV3D0) noversion-1784456023.877 Flannel channels/search is RESOLVED @ https://a.slack-edge.com/bv1-13-br/modern.vendor.4a44bda80c5358ea.min.js:3720
[  152861ms] [INFO] Jul-19 19:13:43.939 [UFM] (T09J1FBV3D0) requesting C09T070V01J (1) @ https://a.slack-edge.com/bv1-13-br/modern.vendor.4a44bda80c5358ea.min.js:3720
[  152861ms] [WARNING] Jul-19 19:13:43.939 TRACES You tried to get a team-specific tracer but didn’t provide enough context and are getting the generic tracer instead which is likely not what you want. @ https://a.slack-edge.com/bv1-13-br/modern.vendor.4a44bda80c5358ea.min.js:3720
[  152861ms] [WARNING] Jul-19 19:13:43.939 TRACES You tried to get a team-specific tracer but didn’t provide enough context and are getting the generic tracer instead which is likely not what you want. @ https://a.slack-edge.com/bv1-13-br/modern.vendor.4a44bda80c5358ea.min.js:3720
[  152861ms] [INFO] Jul-19 19:13:43.940 [API-Q] (T09J1FBV3D0) c32fd661-1784456023.939 client.counts called with reason: omniswitcher-fetch-timestamps @ https://a.slack-edge.com/bv1-13-br/modern.vendor.4a44bda80c5358ea.min.js:3720
[  152861ms] [INFO] Jul-19 19:13:43.940 [API-Q] (T09J1FBV3D0) c32fd661-1784456023.939 client.counts is ENQUEUED @ https://a.slack-edge.com/bv1-13-br/modern.vendor.4a44bda80c5358ea.min.js:3720
[  152861ms] [INFO] Jul-19 19:13:43.940 [API-Q] (T09J1FBV3D0) c32fd661-1784456023.939 client.counts is ACTIVE @ https://a.slack-edge.com/bv1-13-br/modern.vendor.4a44bda80c5358ea.min.js:3720
[  153170ms] [INFO] Jul-19 19:13:44.249 [API-Q] (T09J1FBV3D0) c32fd661-1784456023.939 client.counts is RESOLVED @ https://a.slack-edge.com/bv1-13-br/modern.vendor.4a44bda80c5358ea.min.js:3720
[  153171ms] [INFO] Jul-19 19:13:44.249 [UFM] (T09J1FBV3D0) received C09T070V01J (1) @ https://a.slack-edge.com/bv1-13-br/modern.vendor.4a44bda80c5358ea.min.js:3720
[  153171ms] [WARNING] Jul-19 19:13:44.249 UFM (T09J1FBV3D0) UnknownFetchManager requested 1 objects but received 0. Missing objects: C09T070V01J @ https://a.slack-edge.com/bv1-13-br/modern.vendor.4a44bda80c5358ea.min.js:3720
[  153409ms] [INFO] Jul-19 19:13:44.487 [API-Q] (T09J1FBV3D0) noversion-1784456023.877 Flannel channels/search is REJECTED: promise was cancelled @ https://a.slack-edge.com/bv1-13-br/modern.vendor.4a44bda80c5358ea.min.js:3720
[  153409ms] [WARNING] Jul-19 19:13:44.487 TRACES You tried to get a team-specific tracer but didn’t provide enough context and are getting the generic tracer instead which is likely not what you want. @ https://a.slack-edge.com/bv1-13-br/modern.vendor.4a44bda80c5358ea.min.js:3720
[  153409ms] [WARNING] Jul-19 19:13:44.487 TRACES You tried to get a team-specific tracer but didn’t provide enough context and are getting the generic tracer instead which is likely not what you want. @ https://a.slack-edge.com/bv1-13-br/modern.vendor.4a44bda80c5358ea.min.js:3720
[  153409ms] [INFO] Jul-19 19:13:44.487 [API-Q] (T09J1FBV3D0) noversion-1784456024.487 Flannel channels/search called with reason: flannel-call:channels/search @ https://a.slack-edge.com/bv1-13-br/modern.vendor.4a44bda80c5358ea.min.js:3720
[  153409ms] [INFO] Jul-19 19:13:44.487 [API-Q] (T09J1FBV3D0) noversion-1784456024.487 Flannel channels/search is ENQUEUED @ https://a.slack-edge.com/bv1-13-br/modern.vendor.4a44bda80c5358ea.min.js:3720
[  153409ms] [INFO] Jul-19 19:13:44.488 [API-Q] (T09J1FBV3D0) noversion-1784456024.487 Flannel channels/search is ACTIVE @ https://a.slack-edge.com/bv1-13-br/modern.vendor.4a44bda80c5358ea.min.js:3720
[  153461ms] [INFO] Jul-19 19:13:44.540 [API-Q] (T09J1FBV3D0) noversion-1784456024.487 Flannel channels/search is RESOLVED @ https://a.slack-edge.com/bv1-13-br/modern.vendor.4a44bda80c5358ea.min.js:3720
[  153542ms] [INFO] Jul-19 19:13:44.621 [API-Q] (T09J1FBV3D0) noversion-1784456024.487 Flannel channels/search is REJECTED: promise was cancelled @ https://a.slack-edge.com/bv1-13-br/modern.vendor.4a44bda80c5358ea.min.js:3720
[  153543ms] [WARNING] Jul-19 19:13:44.621 TRACES You tried to get a team-specific tracer but didn’t provide enough context and are getting the generic tracer instead which is likely not what you want. @ https://a.slack-edge.com/bv1-13-br/modern.vendor.4a44bda80c5358ea.min.js:3720
[  153543ms] [WARNING] Jul-19 19:13:44.621 TRACES You tried to get a team-specific tracer but didn’t provide enough context and are getting the generic tracer instead which is likely not what you want. @ https://a.slack-edge.com/bv1-13-br/modern.vendor.4a44bda80c5358ea.min.js:3720
[  153543ms] [INFO] Jul-19 19:13:44.621 [API-Q] (T09J1FBV3D0) noversion-1784456024.621 Flannel channels/search called with reason: flannel-call:channels/search @ https://a.slack-edge.com/bv1-13-br/modern.vendor.4a44bda80c5358ea.min.js:3720
[  153543ms] [INFO] Jul-19 19:13:44.621 [API-Q] (T09J1FBV3D0) noversion-1784456024.621 Flannel channels/search is ENQUEUED @ https://a.slack-edge.com/bv1-13-br/modern.vendor.4a44bda80c5358ea.min.js:3720
[  153543ms] [INFO] Jul-19 19:13:44.622 [API-Q] (T09J1FBV3D0) noversion-1784456024.621 Flannel channels/search is ACTIVE @ https://a.slack-edge.com/bv1-13-br/modern.vendor.4a44bda80c5358ea.min.js:3720
[  153593ms] [INFO] Jul-19 19:13:44.671 [API-Q] (T09J1FBV3D0) noversion-1784456024.621 Flannel channels/search is RESOLVED @ https://a.slack-edge.com/bv1-13-br/modern.vendor.4a44bda80c5358ea.min.js:3720
[  154183ms] [INFO] Jul-19 19:13:45.262 [API-Q] (T09J1FBV3D0) noversion-1784456024.621 Flannel channels/search is REJECTED: promise was cancelled @ https://a.slack-edge.com/bv1-13-br/modern.vendor.4a44bda80c5358ea.min.js:3720
[  154234ms] [WARNING] Jul-19 19:13:45.313 TRACES You tried to get a team-specific tracer but didn’t provide enough context and are getting the generic tracer instead which is likely not what you want. @ https://a.slack-edge.com/bv1-13-br/modern.vendor.4a44bda80c5358ea.min.js:3720
[  154234ms] [WARNING] Jul-19 19:13:45.313 TRACES You tried to get a team-specific tracer but didn’t provide enough context and are getting the generic tracer instead which is likely not what you want. @ https://a.slack-edge.com/bv1-13-br/modern.vendor.4a44bda80c5358ea.min.js:3720
[  154234ms] [INFO] Jul-19 19:13:45.313 [API-Q] (T09J1FBV3D0) noversion-1784456025.313 Flannel channels/search called with reason: flannel-call:channels/search @ https://a.slack-edge.com/bv1-13-br/modern.vendor.4a44bda80c5358ea.min.js:3720
[  154235ms] [INFO] Jul-19 19:13:45.313 [API-Q] (T09J1FBV3D0) noversion-1784456025.313 Flannel channels/search is ENQUEUED @ https://a.slack-edge.com/bv1-13-br/modern.vendor.4a44bda80c5358ea.min.js:3720
[  154235ms] [INFO] Jul-19 19:13:45.313 [API-Q] (T09J1FBV3D0) noversion-1784456025.313 Flannel channels/search is ACTIVE @ https://a.slack-edge.com/bv1-13-br/modern.vendor.4a44bda80c5358ea.min.js:3720
[  154289ms] [INFO] Jul-19 19:13:45.368 [API-Q] (T09J1FBV3D0) noversion-1784456025.313 Flannel channels/search is RESOLVED @ https://a.slack-edge.com/bv1-13-br/modern.vendor.4a44bda80c5358ea.min.js:3720
[  154293ms] [INFO] Jul-19 19:13:45.371 [UFM] (T09J1FBV3D0) requesting C09T070V01J (1) @ https://a.slack-edge.com/bv1-13-br/modern.vendor.4a44bda80c5358ea.min.js:3720
[  154293ms] [WARNING] Jul-19 19:13:45.371 TRACES You tried to get a team-specific tracer but didn’t provide enough context and are getting the generic tracer instead which is likely not what you want. @ https://a.slack-edge.com/bv1-13-br/modern.vendor.4a44bda80c5358ea.min.js:3720
[  154293ms] [WARNING] Jul-19 19:13:45.371 TRACES You tried to get a team-specific tracer but didn’t provide enough context and are getting the generic tracer instead which is likely not what you want. @ https://a.slack-edge.com/bv1-13-br/modern.vendor.4a44bda80c5358ea.min.js:3720
[  154293ms] [INFO] Jul-19 19:13:45.371 [API-Q] (T09J1FBV3D0) c32fd661-1784456025.371 client.counts called with reason: omniswitcher-fetch-timestamps @ https://a.slack-edge.com/bv1-13-br/modern.vendor.4a44bda80c5358ea.min.js:3720
[  154293ms] [INFO] Jul-19 19:13:45.371 [API-Q] (T09J1FBV3D0) c32fd661-1784456025.371 client.counts is ENQUEUED @ https://a.slack-edge.com/bv1-13-br/modern.vendor.4a44bda80c5358ea.min.js:3720
[  154293ms] [INFO] Jul-19 19:13:45.372 [API-Q] (T09J1FBV3D0) c32fd661-1784456025.371 client.counts is ACTIVE @ https://a.slack-edge.com/bv1-13-br/modern.vendor.4a44bda80c5358ea.min.js:3720
[  154748ms] [INFO] Jul-19 19:13:45.827 [API-Q] (T09J1FBV3D0) c32fd661-1784456025.371 client.counts is RESOLVED @ https://a.slack-edge.com/bv1-13-br/modern.vendor.4a44bda80c5358ea.min.js:3720
[  154748ms] [INFO] Jul-19 19:13:45.827 [UFM] (T09J1FBV3D0) received C09T070V01J (1) @ https://a.slack-edge.com/bv1-13-br/modern.vendor.4a44bda80c5358ea.min.js:3720
[  154748ms] [WARNING] Jul-19 19:13:45.827 UFM (T09J1FBV3D0) UnknownFetchManager requested 1 objects but received 0. Missing objects: C09T070V01J @ https://a.slack-edge.com/bv1-13-br/modern.vendor.4a44bda80c5358ea.min.js:3720
[  174683ms] [ERROR] Access to XMLHttpRequest at 'https://slack.com/clog/track/' from origin 'https://tsahead.slack.com' has been blocked by CORS policy: No 'Access-Control-Allow-Origin' header is present on the requested resource. @ https://tsahead.slack.com/admin:0
[  174683ms] [ERROR] Failed to load resource: net::ERR_FAILED @ https://slack.com/clog/track/:0
[  250804ms] [WARNING] Jul-19 19:15:21.883 TRACES You tried to get a team-specific tracer but didn’t provide enough context and are getting the generic tracer instead which is likely not what you want. @ https://a.slack-edge.com/bv1-13-br/modern.vendor.4a44bda80c5358ea.min.js:3720
[  250805ms] [WARNING] Jul-19 19:15:21.883 TRACES You tried to get a team-specific tracer but didn’t provide enough context and are getting the generic tracer instead which is likely not what you want. @ https://a.slack-edge.com/bv1-13-br/modern.vendor.4a44bda80c5358ea.min.js:3720
[  250805ms] [INFO] Jul-19 19:15:21.883 [API-Q] (T09J1FBV3D0) c32fd661-1784456121.883 users.admin.setRestricted called with reason: ChangeAccountTypeDialogContainer__makeMcGuest @ https://a.slack-edge.com/bv1-13-br/modern.vendor.4a44bda80c5358ea.min.js:3720
[  250805ms] [INFO] Jul-19 19:15:21.883 [API-Q] (T09J1FBV3D0) c32fd661-1784456121.883 users.admin.setRestricted is ENQUEUED @ https://a.slack-edge.com/bv1-13-br/modern.vendor.4a44bda80c5358ea.min.js:3720
[  250806ms] [INFO] Jul-19 19:15:21.885 [API-Q] (T09J1FBV3D0) c32fd661-1784456121.883 users.admin.setRestricted is ACTIVE @ https://a.slack-edge.com/bv1-13-br/modern.vendor.4a44bda80c5358ea.min.js:3720
[  251375ms] [INFO] Jul-19 19:15:22.453 [API-Q] (T09J1FBV3D0) c32fd661-1784456121.883 users.admin.setRestricted is RESOLVED @ https://a.slack-edge.com/bv1-13-br/modern.vendor.4a44bda80c5358ea.min.js:3720
[  251384ms] [INFO] Jul-19 19:15:22.462 [UFM-PERMISSIONS] (T09J1FBV3D0) requesting CONVERT_TO_MEMBER,REMOVE_GUEST_USER_FROM_WORKSPACE (1) @ https://a.slack-edge.com/bv1-13-br/modern.vendor.4a44bda80c5358ea.min.js:3720
[  251384ms] [WARNING] Jul-19 19:15:22.463 TRACES You tried to get a team-specific tracer but didn’t provide enough context and are getting the generic tracer instead which is likely not what you want. @ https://a.slack-edge.com/bv1-13-br/modern.vendor.4a44bda80c5358ea.min.js:3720
[  251384ms] [WARNING] Jul-19 19:15:22.463 TRACES You tried to get a team-specific tracer but didn’t provide enough context and are getting the generic tracer instead which is likely not what you want. @ https://a.slack-edge.com/bv1-13-br/modern.vendor.4a44bda80c5358ea.min.js:3720
[  251385ms] [INFO] Jul-19 19:15:22.463 [API-Q] (T09J1FBV3D0) noversion-1784456122.463 Flannel permissions/info called with reason: flannel-call:permissions/info @ https://a.slack-edge.com/bv1-13-br/modern.vendor.4a44bda80c5358ea.min.js:3720
[  251385ms] [INFO] Jul-19 19:15:22.463 [API-Q] (T09J1FBV3D0) noversion-1784456122.463 Flannel permissions/info is ENQUEUED @ https://a.slack-edge.com/bv1-13-br/modern.vendor.4a44bda80c5358ea.min.js:3720
[  251385ms] [INFO] Jul-19 19:15:22.463 [API-Q] (T09J1FBV3D0) noversion-1784456122.463 Flannel permissions/info is ACTIVE @ https://a.slack-edge.com/bv1-13-br/modern.vendor.4a44bda80c5358ea.min.js:3720
[  251386ms] [WARNING] Jul-19 19:15:22.465 TRACES You tried to get a team-specific tracer but didn’t provide enough context and are getting the generic tracer instead which is likely not what you want. @ https://a.slack-edge.com/bv1-13-br/modern.vendor.4a44bda80c5358ea.min.js:3720
[  251387ms] [ERROR] Warning: react-modal: App element is not defined. Please use `Modal.setAppElement(el)` or set `appElement={el}`. This is needed so screen readers don't see main content when modal is opened. It is not recommended, but you can opt-out by setting `ariaHideApp={false}`. @ https://a.slack-edge.com/bv1-13-br/modern.vendor.4a44bda80c5358ea.min.js:245
[  251388ms] [WARNING] Jul-19 19:15:22.466 TRACES You tried to get a team-specific tracer but didn’t provide enough context and are getting the generic tracer instead which is likely not what you want. @ https://a.slack-edge.com/bv1-13-br/modern.vendor.4a44bda80c5358ea.min.js:3720
[  251441ms] [INFO] Jul-19 19:15:22.520 [API-Q] (T09J1FBV3D0) noversion-1784456122.463 Flannel permissions/info is RESOLVED @ https://a.slack-edge.com/bv1-13-br/modern.vendor.4a44bda80c5358ea.min.js:3720
[  251442ms] [INFO] Jul-19 19:15:22.520 [UFM-PERMISSIONS] (T09J1FBV3D0) received CONVERT_TO_MEMBER,REMOVE_GUEST_USER_FROM_WORKSPACE (1) @ https://a.slack-edge.com/bv1-13-br/modern.vendor.4a44bda80c5358ea.min.js:3720
[  271798ms] [ERROR] Access to XMLHttpRequest at 'https://slack.com/clog/track/' from origin 'https://tsahead.slack.com' has been blocked by CORS policy: No 'Access-Control-Allow-Origin' header is present on the requested resource. @ https://tsahead.slack.com/admin:0
[  271798ms] [ERROR] Failed to load resource: net::ERR_FAILED @ https://slack.com/clog/track/:0
[  278660ms] [WARNING] Jul-19 19:15:49.738 TRACES You tried to get a team-specific tracer but didn’t provide enough context and are getting the generic tracer instead which is likely not what you want. @ https://a.slack-edge.com/bv1-13-br/modern.vendor.4a44bda80c5358ea.min.js:3720
[  278660ms] [WARNING] Jul-19 19:15:49.738 TRACES You tried to get a team-specific tracer but didn’t provide enough context and are getting the generic tracer instead which is likely not what you want. @ https://a.slack-edge.com/bv1-13-br/modern.vendor.4a44bda80c5358ea.min.js:3720
[  278660ms] [INFO] Jul-19 19:15:49.738 [API-Q] (T09J1FBV3D0) c32fd661-1784456149.738 users.profile.getExtras called with reason: WorkpaceMembersTable__loadChannels @ https://a.slack-edge.com/bv1-13-br/modern.vendor.4a44bda80c5358ea.min.js:3720
[  278660ms] [INFO] Jul-19 19:15:49.738 [API-Q] (T09J1FBV3D0) c32fd661-1784456149.738 users.profile.getExtras is ENQUEUED @ https://a.slack-edge.com/bv1-13-br/modern.vendor.4a44bda80c5358ea.min.js:3720
[  278671ms] [INFO] Jul-19 19:15:49.750 [API-Q] (T09J1FBV3D0) c32fd661-1784456149.738 users.profile.getExtras is ACTIVE @ https://a.slack-edge.com/bv1-13-br/modern.vendor.4a44bda80c5358ea.min.js:3720
[  278899ms] [INFO] Jul-19 19:15:49.977 [API-Q] (T09J1FBV3D0) c32fd661-1784456149.738 users.profile.getExtras is RESOLVED @ https://a.slack-edge.com/bv1-13-br/modern.vendor.4a44bda80c5358ea.min.js:3720
[  278899ms] [WARNING] Jul-19 19:15:49.978 TRACES You tried to get a team-specific tracer but didn’t provide enough context and are getting the generic tracer instead which is likely not what you want. @ https://a.slack-edge.com/bv1-13-br/modern.vendor.4a44bda80c5358ea.min.js:3720
[  278899ms] [WARNING] Jul-19 19:15:49.978 TRACES You tried to get a team-specific tracer but didn’t provide enough context and are getting the generic tracer instead which is likely not what you want. @ https://a.slack-edge.com/bv1-13-br/modern.vendor.4a44bda80c5358ea.min.js:3720
[  278900ms] [WARNING] Jul-19 19:15:49.978 TRACES You tried to get a team-specific tracer but didn’t provide enough context and are getting the generic tracer instead which is likely not what you want. @ https://a.slack-edge.com/bv1-13-br/modern.vendor.4a44bda80c5358ea.min.js:3720
[  278900ms] [INFO] Jul-19 19:15:49.978 [API-Q] (T09J1FBV3D0) c32fd661-1784456149.978 conversations.genericInfo called with reason: workspace-members-change-account-type-guest @ https://a.slack-edge.com/bv1-13-br/modern.vendor.4a44bda80c5358ea.min.js:3720
[  278900ms] [INFO] Jul-19 19:15:49.978 [API-Q] (T09J1FBV3D0) c32fd661-1784456149.978 conversations.genericInfo is ENQUEUED @ https://a.slack-edge.com/bv1-13-br/modern.vendor.4a44bda80c5358ea.min.js:3720
[  278900ms] [INFO] Jul-19 19:15:49.978 [API-Q] (T09J1FBV3D0) c32fd661-1784456149.978 conversations.genericInfo is ACTIVE @ https://a.slack-edge.com/bv1-13-br/modern.vendor.4a44bda80c5358ea.min.js:3720
[  279278ms] [INFO] Jul-19 19:15:50.356 [API-Q] (T09J1FBV3D0) c32fd661-1784456149.978 conversations.genericInfo is RESOLVED @ https://a.slack-edge.com/bv1-13-br/modern.vendor.4a44bda80c5358ea.min.js:3720
[  279470ms] [WARNING] Jul-19 19:15:50.548 TRACES You tried to get a team-specific tracer but didn’t provide enough context and are getting the generic tracer instead which is likely not what you want. @ https://a.slack-edge.com/bv1-13-br/modern.vendor.4a44bda80c5358ea.min.js:3720
[  279470ms] [WARNING] Jul-19 19:15:50.549 TRACES You tried to get a team-specific tracer but didn’t provide enough context and are getting the generic tracer instead which is likely not what you want. @ https://a.slack-edge.com/bv1-13-br/modern.vendor.4a44bda80c5358ea.min.js:3720
[  279470ms] [INFO] Jul-19 19:15:50.549 [API-Q] (T09J1FBV3D0) c32fd661-1784456150.548 users.profile.getExtras called with reason: WorkpaceMembersTable__loadChannels @ https://a.slack-edge.com/bv1-13-br/modern.vendor.4a44bda80c5358ea.min.js:3720
[  279470ms] [INFO] Jul-19 19:15:50.549 [API-Q] (T09J1FBV3D0) c32fd661-1784456150.548 users.profile.getExtras is ENQUEUED @ https://a.slack-edge.com/bv1-13-br/modern.vendor.4a44bda80c5358ea.min.js:3720
[  279485ms] [INFO] Jul-19 19:15:50.563 [API-Q] (T09J1FBV3D0) c32fd661-1784456150.548 users.profile.getExtras is ACTIVE @ https://a.slack-edge.com/bv1-13-br/modern.vendor.4a44bda80c5358ea.min.js:3720
[  279893ms] [INFO] Jul-19 19:15:50.971 [API-Q] (T09J1FBV3D0) c32fd661-1784456150.548 users.profile.getExtras is RESOLVED @ https://a.slack-edge.com/bv1-13-br/modern.vendor.4a44bda80c5358ea.min.js:3720
[  279893ms] [WARNING] Jul-19 19:15:50.971 TRACES You tried to get a team-specific tracer but didn’t provide enough context and are getting the generic tracer instead which is likely not what you want. @ https://a.slack-edge.com/bv1-13-br/modern.vendor.4a44bda80c5358ea.min.js:3720
[  279893ms] [WARNING] Jul-19 19:15:50.972 TRACES You tried to get a team-specific tracer but didn’t provide enough context and are getting the generic tracer instead which is likely not what you want. @ https://a.slack-edge.com/bv1-13-br/modern.vendor.4a44bda80c5358ea.min.js:3720
[  279893ms] [WARNING] Jul-19 19:15:50.972 TRACES You tried to get a team-specific tracer but didn’t provide enough context and are getting the generic tracer instead which is likely not what you want. @ https://a.slack-edge.com/bv1-13-br/modern.vendor.4a44bda80c5358ea.min.js:3720
[  279893ms] [INFO] Jul-19 19:15:50.972 [API-Q] (T09J1FBV3D0) c32fd661-1784456150.972 conversations.genericInfo called with reason: workspace-members-change-account-type-guest @ https://a.slack-edge.com/bv1-13-br/modern.vendor.4a44bda80c5358ea.min.js:3720
[  279893ms] [INFO] Jul-19 19:15:50.972 [API-Q] (T09J1FBV3D0) c32fd661-1784456150.972 conversations.genericInfo is ENQUEUED @ https://a.slack-edge.com/bv1-13-br/modern.vendor.4a44bda80c5358ea.min.js:3720
[  279894ms] [INFO] Jul-19 19:15:50.972 [API-Q] (T09J1FBV3D0) c32fd661-1784456150.972 conversations.genericInfo is ACTIVE @ https://a.slack-edge.com/bv1-13-br/modern.vendor.4a44bda80c5358ea.min.js:3720
[  280361ms] [INFO] Jul-19 19:15:51.439 [API-Q] (T09J1FBV3D0) c32fd661-1784456150.972 conversations.genericInfo is RESOLVED @ https://a.slack-edge.com/bv1-13-br/modern.vendor.4a44bda80c5358ea.min.js:3720
[  281235ms] [WARNING] Jul-19 19:15:52.313 TRACES You tried to get a team-specific tracer but didn’t provide enough context and are getting the generic tracer instead which is likely not what you want. @ https://a.slack-edge.com/bv1-13-br/modern.vendor.4a44bda80c5358ea.min.js:3720
[  281235ms] [WARNING] Jul-19 19:15:52.313 TRACES You tried to get a team-specific tracer but didn’t provide enough context and are getting the generic tracer instead which is likely not what you want. @ https://a.slack-edge.com/bv1-13-br/modern.vendor.4a44bda80c5358ea.min.js:3720
[  281236ms] [ERROR] Warning: react-modal: App element is not defined. Please use `Modal.setAppElement(el)` or set `appElement={el}`. This is needed so screen readers don't see main content when modal is opened. It is not recommended, but you can opt-out by setting `ariaHideApp={false}`. @ https://a.slack-edge.com/bv1-13-br/modern.vendor.4a44bda80c5358ea.min.js:245
[  282927ms] [WARNING] Jul-19 19:15:54.005 TRACES You tried to get a team-specific tracer but didn’t provide enough context and are getting the generic tracer instead which is likely not what you want. @ https://a.slack-edge.com/bv1-13-br/modern.vendor.4a44bda80c5358ea.min.js:3720
[  282927ms] [WARNING] Jul-19 19:15:54.005 TRACES You tried to get a team-specific tracer but didn’t provide enough context and are getting the generic tracer instead which is likely not what you want. @ https://a.slack-edge.com/bv1-13-br/modern.vendor.4a44bda80c5358ea.min.js:3720
[  282927ms] [INFO] Jul-19 19:15:54.005 [API-Q] (T09J1FBV3D0) noversion-1784456154.005 Flannel channels/search called with reason: flannel-call:channels/search @ https://a.slack-edge.com/bv1-13-br/modern.vendor.4a44bda80c5358ea.min.js:3720
[  282927ms] [INFO] Jul-19 19:15:54.006 [API-Q] (T09J1FBV3D0) noversion-1784456154.005 Flannel channels/search is ENQUEUED @ https://a.slack-edge.com/bv1-13-br/modern.vendor.4a44bda80c5358ea.min.js:3720
[  282927ms] [INFO] Jul-19 19:15:54.006 [API-Q] (T09J1FBV3D0) noversion-1784456154.005 Flannel channels/search is ACTIVE @ https://a.slack-edge.com/bv1-13-br/modern.vendor.4a44bda80c5358ea.min.js:3720
[  282927ms] [WARNING] Jul-19 19:15:54.006 TRACES You tried to get a team-specific tracer but didn’t provide enough context and are getting the generic tracer instead which is likely not what you want. @ https://a.slack-edge.com/bv1-13-br/modern.vendor.4a44bda80c5358ea.min.js:3720
[  282927ms] [WARNING] Jul-19 19:15:54.006 TRACES You tried to get a team-specific tracer but didn’t provide enough context and are getting the generic tracer instead which is likely not what you want. @ https://a.slack-edge.com/bv1-13-br/modern.vendor.4a44bda80c5358ea.min.js:3720
[  282928ms] [INFO] Jul-19 19:15:54.006 [API-Q] (T09J1FBV3D0) Deduped request for method: channels/search @ https://a.slack-edge.com/bv1-13-br/modern.vendor.4a44bda80c5358ea.min.js:3720
[  282980ms] [INFO] Jul-19 19:15:54.059 [API-Q] (T09J1FBV3D0) noversion-1784456154.005 Flannel channels/search is RESOLVED @ https://a.slack-edge.com/bv1-13-br/modern.vendor.4a44bda80c5358ea.min.js:3720
[  282986ms] [INFO] Jul-19 19:15:54.065 [UFM] (T09J1FBV3D0) requesting C09T070V01J (1) @ https://a.slack-edge.com/bv1-13-br/modern.vendor.4a44bda80c5358ea.min.js:3720
[  282986ms] [WARNING] Jul-19 19:15:54.065 TRACES You tried to get a team-specific tracer but didn’t provide enough context and are getting the generic tracer instead which is likely not what you want. @ https://a.slack-edge.com/bv1-13-br/modern.vendor.4a44bda80c5358ea.min.js:3720
[  282987ms] [WARNING] Jul-19 19:15:54.065 TRACES You tried to get a team-specific tracer but didn’t provide enough context and are getting the generic tracer instead which is likely not what you want. @ https://a.slack-edge.com/bv1-13-br/modern.vendor.4a44bda80c5358ea.min.js:3720
[  282987ms] [INFO] Jul-19 19:15:54.065 [API-Q] (T09J1FBV3D0) c32fd661-1784456154.065 client.counts called with reason: omniswitcher-fetch-timestamps @ https://a.slack-edge.com/bv1-13-br/modern.vendor.4a44bda80c5358ea.min.js:3720
[  282987ms] [INFO] Jul-19 19:15:54.065 [API-Q] (T09J1FBV3D0) c32fd661-1784456154.065 client.counts is ENQUEUED @ https://a.slack-edge.com/bv1-13-br/modern.vendor.4a44bda80c5358ea.min.js:3720
[  282987ms] [INFO] Jul-19 19:15:54.066 [API-Q] (T09J1FBV3D0) c32fd661-1784456154.065 client.counts is ACTIVE @ https://a.slack-edge.com/bv1-13-br/modern.vendor.4a44bda80c5358ea.min.js:3720
[  283218ms] [INFO] Jul-19 19:15:54.296 [API-Q] (T09J1FBV3D0) c32fd661-1784456154.065 client.counts is RESOLVED @ https://a.slack-edge.com/bv1-13-br/modern.vendor.4a44bda80c5358ea.min.js:3720
[  283218ms] [INFO] Jul-19 19:15:54.297 [UFM] (T09J1FBV3D0) received C09T070V01J (1) @ https://a.slack-edge.com/bv1-13-br/modern.vendor.4a44bda80c5358ea.min.js:3720
[  283218ms] [WARNING] Jul-19 19:15:54.297 UFM (T09J1FBV3D0) UnknownFetchManager requested 1 objects but received 0. Missing objects: C09T070V01J @ https://a.slack-edge.com/bv1-13-br/modern.vendor.4a44bda80c5358ea.min.js:3720
[  293137ms] [WARNING] Jul-19 19:16:04.215 TRACES You tried to get a team-specific tracer but didn’t provide enough context and are getting the generic tracer instead which is likely not what you want. @ https://a.slack-edge.com/bv1-13-br/modern.vendor.4a44bda80c5358ea.min.js:3720
[  293137ms] [WARNING] Jul-19 19:16:04.216 TRACES You tried to get a team-specific tracer but didn’t provide enough context and are getting the generic tracer instead which is likely not what you want. @ https://a.slack-edge.com/bv1-13-br/modern.vendor.4a44bda80c5358ea.min.js:3720
[  293137ms] [INFO] Jul-19 19:16:04.216 [API-Q] (T09J1FBV3D0) c32fd661-1784456164.215 conversations.invite called with reason: edit-guest-submit-invite-to-channel @ https://a.slack-edge.com/bv1-13-br/modern.vendor.4a44bda80c5358ea.min.js:3720
[  293137ms] [INFO] Jul-19 19:16:04.216 [API-Q] (T09J1FBV3D0) c32fd661-1784456164.215 conversations.invite is ENQUEUED @ https://a.slack-edge.com/bv1-13-br/modern.vendor.4a44bda80c5358ea.min.js:3720
[  293141ms] [INFO] Jul-19 19:16:04.220 [API-Q] (T09J1FBV3D0) c32fd661-1784456164.215 conversations.invite is ACTIVE @ https://a.slack-edge.com/bv1-13-br/modern.vendor.4a44bda80c5358ea.min.js:3720
[  293573ms] [INFO] Jul-19 19:16:04.651 [API-Q] (T09J1FBV3D0) c32fd661-1784456164.215 conversations.invite is RESOLVED @ https://a.slack-edge.com/bv1-13-br/modern.vendor.4a44bda80c5358ea.min.js:3720
[  293574ms] [WARNING] Jul-19 19:16:04.652 TRACES You tried to get a team-specific tracer but didn’t provide enough context and are getting the generic tracer instead which is likely not what you want. @ https://a.slack-edge.com/bv1-13-br/modern.vendor.4a44bda80c5358ea.min.js:3720
[  293574ms] [WARNING] Jul-19 19:16:04.652 TRACES You tried to get a team-specific tracer but didn’t provide enough context and are getting the generic tracer instead which is likely not what you want. @ https://a.slack-edge.com/bv1-13-br/modern.vendor.4a44bda80c5358ea.min.js:3720
[  293574ms] [INFO] Jul-19 19:16:04.652 [API-Q] (T09J1FBV3D0) c32fd661-1784456164.652 users.profile.getExtras called with reason: EditGuestChannelsModalContainer__refetchChannelsForMember @ https://a.slack-edge.com/bv1-13-br/modern.vendor.4a44bda80c5358ea.min.js:3720
[  293574ms] [INFO] Jul-19 19:16:04.653 [API-Q] (T09J1FBV3D0) c32fd661-1784456164.652 users.profile.getExtras is ENQUEUED @ https://a.slack-edge.com/bv1-13-br/modern.vendor.4a44bda80c5358ea.min.js:3720
[  293575ms] [INFO] Jul-19 19:16:04.654 [API-Q] (T09J1FBV3D0) c32fd661-1784456164.652 users.profile.getExtras is ACTIVE @ https://a.slack-edge.com/bv1-13-br/modern.vendor.4a44bda80c5358ea.min.js:3720
[  293581ms] [WARNING] Jul-19 19:16:04.659 TRACES You tried to get a team-specific tracer but didn’t provide enough context and are getting the generic tracer instead which is likely not what you want. @ https://a.slack-edge.com/bv1-13-br/modern.vendor.4a44bda80c5358ea.min.js:3720
[  293581ms] [WARNING] Jul-19 19:16:04.659 TRACES You tried to get a team-specific tracer but didn’t provide enough context and are getting the generic tracer instead which is likely not what you want. @ https://a.slack-edge.com/bv1-13-br/modern.vendor.4a44bda80c5358ea.min.js:3720
[  293581ms] [ERROR] Warning: react-modal: App element is not defined. Please use `Modal.setAppElement(el)` or set `appElement={el}`. This is needed so screen readers don't see main content when modal is opened. It is not recommended, but you can opt-out by setting `ariaHideApp={false}`. @ https://a.slack-edge.com/bv1-13-br/modern.vendor.4a44bda80c5358ea.min.js:245
[  293939ms] [INFO] Jul-19 19:16:05.018 [API-Q] (T09J1FBV3D0) c32fd661-1784456164.652 users.profile.getExtras is RESOLVED @ https://a.slack-edge.com/bv1-13-br/modern.vendor.4a44bda80c5358ea.min.js:3720
[  293940ms] [WARNING] Jul-19 19:16:05.018 TRACES You tried to get a team-specific tracer but didn’t provide enough context and are getting the generic tracer instead which is likely not what you want. @ https://a.slack-edge.com/bv1-13-br/modern.vendor.4a44bda80c5358ea.min.js:3720
[  293940ms] [WARNING] Jul-19 19:16:05.019 TRACES You tried to get a team-specific tracer but didn’t provide enough context and are getting the generic tracer instead which is likely not what you want. @ https://a.slack-edge.com/bv1-13-br/modern.vendor.4a44bda80c5358ea.min.js:3720
[  293940ms] [WARNING] Jul-19 19:16:05.019 TRACES You tried to get a team-specific tracer but didn’t provide enough context and are getting the generic tracer instead which is likely not what you want. @ https://a.slack-edge.com/bv1-13-br/modern.vendor.4a44bda80c5358ea.min.js:3720
[  293941ms] [INFO] Jul-19 19:16:05.019 [API-Q] (T09J1FBV3D0) c32fd661-1784456165.019 conversations.genericInfo called with reason: workspace-members-edit-guest-load-channels @ https://a.slack-edge.com/bv1-13-br/modern.vendor.4a44bda80c5358ea.min.js:3720
[  293941ms] [INFO] Jul-19 19:16:05.019 [API-Q] (T09J1FBV3D0) c32fd661-1784456165.019 conversations.genericInfo is ENQUEUED @ https://a.slack-edge.com/bv1-13-br/modern.vendor.4a44bda80c5358ea.min.js:3720
[  293941ms] [INFO] Jul-19 19:16:05.019 [API-Q] (T09J1FBV3D0) c32fd661-1784456165.019 conversations.genericInfo is ACTIVE @ https://a.slack-edge.com/bv1-13-br/modern.vendor.4a44bda80c5358ea.min.js:3720
[  294316ms] [INFO] Jul-19 19:16:05.394 [API-Q] (T09J1FBV3D0) c32fd661-1784456165.019 conversations.genericInfo is RESOLVED @ https://a.slack-edge.com/bv1-13-br/modern.vendor.4a44bda80c5358ea.min.js:3720
[  304167ms] [ERROR] Access to XMLHttpRequest at 'https://slack.com/clog/track/' from origin 'https://tsahead.slack.com' has been blocked by CORS policy: No 'Access-Control-Allow-Origin' header is present on the requested resource. @ https://tsahead.slack.com/admin:0
[  304167ms] [ERROR] Failed to load resource: net::ERR_FAILED @ https://slack.com/clog/track/:0
[  781293ms] [INFO] Jul-19 19:24:12.371 [WINDOW-UNLOADING] (T09J1FBV3D0) workspace handling window unloading event @ https://a.slack-edge.com/bv1-13-br/modern.vendor.4a44bda80c5358ea.min.js:3720
[  781293ms] [WARNING] Jul-19 19:24:12.372 Couldn't complete metrics measurement for start mark 'session_lifespan' @ https://a.slack-edge.com/bv1-13-br/modern.vendor.4a44bda80c5358ea.min.js:3720
[  781293ms] [WARNING] Jul-19 19:24:12.372 Couldn't complete metrics measurement for start mark 'session_lifespan' @ https://a.slack-edge.com/bv1-13-br/modern.vendor.4a44bda80c5358ea.min.js:3720
